sample	phase	rule_rank	rule_id	rule_label	tp_removed	fp_removed	tp_total_before	fp_total_before	tp_after	fp_after	precision_after	recall_after	f1_after	delta_f1_vs_final
HCC1395	discovery	1	af_le_0.03_ad_ge_0.15	AF<=0.03 and AlleleDelta>=0.15	0	0	28505	11598	28505	11598	0.710795	0.722615	0.716656	-0.000044
HCC1395	discovery	2	af_le_0.03_ad_ge_0.20	AF<=0.03 and AlleleDelta>=0.20	0	0	28505	11598	28505	11598	0.710795	0.722615	0.716656	-0.000044
HCC1395	discovery	3	af_le_0.03_ad_ge_0.25	AF<=0.03 and AlleleDelta>=0.25	0	0	28505	11598	28505	11598	0.710795	0.722615	0.716656	-0.000044
HCC1395	discovery	4	af_le_0.03_ad_ge_0.30	AF<=0.03 and AlleleDelta>=0.30	0	0	28505	11598	28505	11598	0.710795	0.722615	0.716656	-0.000044
HCC1395	discovery	5	af_le_0.05_ad_ge_0.15	AF<=0.05 and AlleleDelta>=0.15	0	0	28505	11598	28505	11598	0.710795	0.722615	0.716656	-0.000044
HCC1395	discovery	6	af_le_0.05_ad_ge_0.20	AF<=0.05 and AlleleDelta>=0.20	0	0	28505	11598	28505	11598	0.710795	0.722615	0.716656	-0.000044
HCC1395	discovery	7	af_le_0.05_ad_ge_0.25	AF<=0.05 and AlleleDelta>=0.25	0	0	28505	11598	28505	11598	0.710795	0.722615	0.716656	-0.000044
HCC1395	discovery	8	af_le_0.05_ad_ge_0.30	AF<=0.05 and AlleleDelta>=0.30	0	0	28505	11598	28505	11598	0.710795	0.722615	0.716656	-0.000044
HCC1395	discovery	9	af_le_0.08_ad_ge_0.15	AF<=0.08 and AlleleDelta>=0.15	0	0	28505	11598	28505	11598	0.710795	0.722615	0.716656	-0.000044
HCC1395	discovery	10	af_le_0.08_ad_ge_0.20	AF<=0.08 and AlleleDelta>=0.20	0	0	28505	11598	28505	11598	0.710795	0.722615	0.716656	-0.000044
HCC1395	discovery	11	af_le_0.08_ad_ge_0.25	AF<=0.08 and AlleleDelta>=0.25	0	0	28505	11598	28505	11598	0.710795	0.722615	0.716656	-0.000044
HCC1395	discovery	12	af_le_0.08_ad_ge_0.30	AF<=0.08 and AlleleDelta>=0.30	0	0	28505	11598	28505	11598	0.710795	0.722615	0.716656	-0.000044
HCC1395	discovery	13	af_le_0.10_ad_ge_0.15	AF<=0.10 and AlleleDelta>=0.15	0	0	28505	11598	28505	11598	0.710795	0.722615	0.716656	-0.000044
HCC1395	discovery	14	af_le_0.10_ad_ge_0.20	AF<=0.10 and AlleleDelta>=0.20	0	0	28505	11598	28505	11598	0.710795	0.722615	0.716656	-0.000044
HCC1395	discovery	15	af_le_0.10_ad_ge_0.25	AF<=0.10 and AlleleDelta>=0.25	0	0	28505	11598	28505	11598	0.710795	0.722615	0.716656	-0.000044
HCC1395	discovery	16	af_le_0.10_ad_ge_0.30	AF<=0.10 and AlleleDelta>=0.30	0	0	28505	11598	28505	11598	0.710795	0.722615	0.716656	-0.000044
HCC1395	discovery	17	af_le_0.12_ad_ge_0.15	AF<=0.12 and AlleleDelta>=0.15	0	0	28505	11598	28505	11598	0.710795	0.722615	0.716656	-0.000044
HCC1395	discovery	18	af_le_0.12_ad_ge_0.20	AF<=0.12 and AlleleDelta>=0.20	0	0	28505	11598	28505	11598	0.710795	0.722615	0.716656	-0.000044
HCC1395	discovery	19	af_le_0.12_ad_ge_0.25	AF<=0.12 and AlleleDelta>=0.25	0	0	28505	11598	28505	11598	0.710795	0.722615	0.716656	-0.000044
HCC1395	discovery	20	af_le_0.12_ad_ge_0.30	AF<=0.12 and AlleleDelta>=0.30	0	0	28505	11598	28505	11598	0.710795	0.722615	0.716656	-0.000044
HCC1395	discovery	21	af_le_0.05_ad_ge_0.15_cv_le_0.03	AF<=0.05 and AlleleDelta>=0.15 and CramersV<=0.03	0	0	28505	11598	28505	11598	0.710795	0.722615	0.716656	-0.000044
HCC1395	discovery	22	af_le_0.05_ad_ge_0.15_cv_le_0.05	AF<=0.05 and AlleleDelta>=0.15 and CramersV<=0.05	0	0	28505	11598	28505	11598	0.710795	0.722615	0.716656	-0.000044
HCC1395	discovery	23	af_le_0.05_ad_ge_0.15_cv_le_0.10	AF<=0.05 and AlleleDelta>=0.15 and CramersV<=0.10	0	0	28505	11598	28505	11598	0.710795	0.722615	0.716656	-0.000044
HCC1395	discovery	24	af_le_0.05_ad_ge_0.20_cv_le_0.03	AF<=0.05 and AlleleDelta>=0.20 and CramersV<=0.03	0	0	28505	11598	28505	11598	0.710795	0.722615	0.716656	-0.000044
HCC1395	discovery	25	af_le_0.05_ad_ge_0.20_cv_le_0.05	AF<=0.05 and AlleleDelta>=0.20 and CramersV<=0.05	0	0	28505	11598	28505	11598	0.710795	0.722615	0.716656	-0.000044
HCC1395	discovery	26	af_le_0.05_ad_ge_0.20_cv_le_0.10	AF<=0.05 and AlleleDelta>=0.20 and CramersV<=0.10	0	0	28505	11598	28505	11598	0.710795	0.722615	0.716656	-0.000044
HCC1395	discovery	27	af_le_0.05_ad_ge_0.25_cv_le_0.03	AF<=0.05 and AlleleDelta>=0.25 and CramersV<=0.03	0	0	28505	11598	28505	11598	0.710795	0.722615	0.716656	-0.000044
HCC1395	discovery	28	af_le_0.05_ad_ge_0.25_cv_le_0.05	AF<=0.05 and AlleleDelta>=0.25 and CramersV<=0.05	0	0	28505	11598	28505	11598	0.710795	0.722615	0.716656	-0.000044
HCC1395	discovery	29	af_le_0.05_ad_ge_0.25_cv_le_0.10	AF<=0.05 and AlleleDelta>=0.25 and CramersV<=0.10	0	0	28505	11598	28505	11598	0.710795	0.722615	0.716656	-0.000044
HCC1395	discovery	30	af_le_0.08_ad_ge_0.15_cv_le_0.03	AF<=0.08 and AlleleDelta>=0.15 and CramersV<=0.03	0	0	28505	11598	28505	11598	0.710795	0.722615	0.716656	-0.000044
HCC1395	discovery	31	af_le_0.08_ad_ge_0.15_cv_le_0.05	AF<=0.08 and AlleleDelta>=0.15 and CramersV<=0.05	0	0	28505	11598	28505	11598	0.710795	0.722615	0.716656	-0.000044
HCC1395	discovery	32	af_le_0.08_ad_ge_0.15_cv_le_0.10	AF<=0.08 and AlleleDelta>=0.15 and CramersV<=0.10	0	0	28505	11598	28505	11598	0.710795	0.722615	0.716656	-0.000044
HCC1395	discovery	33	af_le_0.08_ad_ge_0.20_cv_le_0.03	AF<=0.08 and AlleleDelta>=0.20 and CramersV<=0.03	0	0	28505	11598	28505	11598	0.710795	0.722615	0.716656	-0.000044
HCC1395	discovery	34	af_le_0.08_ad_ge_0.20_cv_le_0.05	AF<=0.08 and AlleleDelta>=0.20 and CramersV<=0.05	0	0	28505	11598	28505	11598	0.710795	0.722615	0.716656	-0.000044
HCC1395	discovery	35	af_le_0.08_ad_ge_0.20_cv_le_0.10	AF<=0.08 and AlleleDelta>=0.20 and CramersV<=0.10	0	0	28505	11598	28505	11598	0.710795	0.722615	0.716656	-0.000044
HCC1395	discovery	36	af_le_0.08_ad_ge_0.25_cv_le_0.03	AF<=0.08 and AlleleDelta>=0.25 and CramersV<=0.03	0	0	28505	11598	28505	11598	0.710795	0.722615	0.716656	-0.000044
HCC1395	discovery	37	af_le_0.08_ad_ge_0.25_cv_le_0.05	AF<=0.08 and AlleleDelta>=0.25 and CramersV<=0.05	0	0	28505	11598	28505	11598	0.710795	0.722615	0.716656	-0.000044
HCC1395	discovery	38	af_le_0.08_ad_ge_0.25_cv_le_0.10	AF<=0.08 and AlleleDelta>=0.25 and CramersV<=0.10	0	0	28505	11598	28505	11598	0.710795	0.722615	0.716656	-0.000044
HCC1395	discovery	39	af_le_0.10_ad_ge_0.15_cv_le_0.03	AF<=0.10 and AlleleDelta>=0.15 and CramersV<=0.03	0	0	28505	11598	28505	11598	0.710795	0.722615	0.716656	-0.000044
HCC1395	discovery	40	af_le_0.10_ad_ge_0.15_cv_le_0.05	AF<=0.10 and AlleleDelta>=0.15 and CramersV<=0.05	0	0	28505	11598	28505	11598	0.710795	0.722615	0.716656	-0.000044
HCC1395	discovery	41	af_le_0.10_ad_ge_0.15_cv_le_0.10	AF<=0.10 and AlleleDelta>=0.15 and CramersV<=0.10	0	0	28505	11598	28505	11598	0.710795	0.722615	0.716656	-0.000044
HCC1395	discovery	42	af_le_0.10_ad_ge_0.20_cv_le_0.03	AF<=0.10 and AlleleDelta>=0.20 and CramersV<=0.03	0	0	28505	11598	28505	11598	0.710795	0.722615	0.716656	-0.000044
HCC1395	discovery	43	af_le_0.10_ad_ge_0.20_cv_le_0.05	AF<=0.10 and AlleleDelta>=0.20 and CramersV<=0.05	0	0	28505	11598	28505	11598	0.710795	0.722615	0.716656	-0.000044
HCC1395	discovery	44	af_le_0.10_ad_ge_0.20_cv_le_0.10	AF<=0.10 and AlleleDelta>=0.20 and CramersV<=0.10	0	0	28505	11598	28505	11598	0.710795	0.722615	0.716656	-0.000044
HCC1395	discovery	45	af_le_0.10_ad_ge_0.25_cv_le_0.03	AF<=0.10 and AlleleDelta>=0.25 and CramersV<=0.03	0	0	28505	11598	28505	11598	0.710795	0.722615	0.716656	-0.000044
HCC1395	discovery	46	af_le_0.10_ad_ge_0.25_cv_le_0.05	AF<=0.10 and AlleleDelta>=0.25 and CramersV<=0.05	0	0	28505	11598	28505	11598	0.710795	0.722615	0.716656	-0.000044
HCC1395	discovery	47	af_le_0.10_ad_ge_0.25_cv_le_0.10	AF<=0.10 and AlleleDelta>=0.25 and CramersV<=0.10	0	0	28505	11598	28505	11598	0.710795	0.722615	0.716656	-0.000044
HCC1395	discovery	48	af_le_0.05_ad_ge_0.15_pairwise_le_0.05	AF<=0.05 and AlleleDelta>=0.15 and PairwiseMedianDist<=0.05	0	0	28505	11598	28505	11598	0.710795	0.722615	0.716656	-0.000044
HCC1395	discovery	49	af_le_0.05_ad_ge_0.15_pairwise_le_0.10	AF<=0.05 and AlleleDelta>=0.15 and PairwiseMedianDist<=0.10	0	0	28505	11598	28505	11598	0.710795	0.722615	0.716656	-0.000044
HCC1395	discovery	50	af_le_0.05_ad_ge_0.15_pairwise_le_0.15	AF<=0.05 and AlleleDelta>=0.15 and PairwiseMedianDist<=0.15	0	0	28505	11598	28505	11598	0.710795	0.722615	0.716656	-0.000044
HCC1395	discovery	51	af_le_0.05_ad_ge_0.15_pairwise_le_0.20	AF<=0.05 and AlleleDelta>=0.15 and PairwiseMedianDist<=0.20	0	0	28505	11598	28505	11598	0.710795	0.722615	0.716656	-0.000044
HCC1395	discovery	52	af_le_0.05_ad_ge_0.20_pairwise_le_0.05	AF<=0.05 and AlleleDelta>=0.20 and PairwiseMedianDist<=0.05	0	0	28505	11598	28505	11598	0.710795	0.722615	0.716656	-0.000044
HCC1395	discovery	53	af_le_0.05_ad_ge_0.20_pairwise_le_0.10	AF<=0.05 and AlleleDelta>=0.20 and PairwiseMedianDist<=0.10	0	0	28505	11598	28505	11598	0.710795	0.722615	0.716656	-0.000044
HCC1395	discovery	54	af_le_0.05_ad_ge_0.20_pairwise_le_0.15	AF<=0.05 and AlleleDelta>=0.20 and PairwiseMedianDist<=0.15	0	0	28505	11598	28505	11598	0.710795	0.722615	0.716656	-0.000044
HCC1395	discovery	55	af_le_0.05_ad_ge_0.20_pairwise_le_0.20	AF<=0.05 and AlleleDelta>=0.20 and PairwiseMedianDist<=0.20	0	0	28505	11598	28505	11598	0.710795	0.722615	0.716656	-0.000044
HCC1395	discovery	56	af_le_0.05_ad_ge_0.25_pairwise_le_0.05	AF<=0.05 and AlleleDelta>=0.25 and PairwiseMedianDist<=0.05	0	0	28505	11598	28505	11598	0.710795	0.722615	0.716656	-0.000044
HCC1395	discovery	57	af_le_0.05_ad_ge_0.25_pairwise_le_0.10	AF<=0.05 and AlleleDelta>=0.25 and PairwiseMedianDist<=0.10	0	0	28505	11598	28505	11598	0.710795	0.722615	0.716656	-0.000044
HCC1395	discovery	58	af_le_0.05_ad_ge_0.25_pairwise_le_0.15	AF<=0.05 and AlleleDelta>=0.25 and PairwiseMedianDist<=0.15	0	0	28505	11598	28505	11598	0.710795	0.722615	0.716656	-0.000044
HCC1395	discovery	59	af_le_0.05_ad_ge_0.25_pairwise_le_0.20	AF<=0.05 and AlleleDelta>=0.25 and PairwiseMedianDist<=0.20	0	0	28505	11598	28505	11598	0.710795	0.722615	0.716656	-0.000044
HCC1395	discovery	60	af_le_0.08_ad_ge_0.15_pairwise_le_0.05	AF<=0.08 and AlleleDelta>=0.15 and PairwiseMedianDist<=0.05	0	0	28505	11598	28505	11598	0.710795	0.722615	0.716656	-0.000044
HCC1395	discovery	61	af_le_0.08_ad_ge_0.15_pairwise_le_0.10	AF<=0.08 and AlleleDelta>=0.15 and PairwiseMedianDist<=0.10	0	0	28505	11598	28505	11598	0.710795	0.722615	0.716656	-0.000044
HCC1395	discovery	62	af_le_0.08_ad_ge_0.15_pairwise_le_0.15	AF<=0.08 and AlleleDelta>=0.15 and PairwiseMedianDist<=0.15	0	0	28505	11598	28505	11598	0.710795	0.722615	0.716656	-0.000044
HCC1395	discovery	63	af_le_0.08_ad_ge_0.15_pairwise_le_0.20	AF<=0.08 and AlleleDelta>=0.15 and PairwiseMedianDist<=0.20	0	0	28505	11598	28505	11598	0.710795	0.722615	0.716656	-0.000044
HCC1395	discovery	64	af_le_0.08_ad_ge_0.20_pairwise_le_0.05	AF<=0.08 and AlleleDelta>=0.20 and PairwiseMedianDist<=0.05	0	0	28505	11598	28505	11598	0.710795	0.722615	0.716656	-0.000044
HCC1395	discovery	65	af_le_0.08_ad_ge_0.20_pairwise_le_0.10	AF<=0.08 and AlleleDelta>=0.20 and PairwiseMedianDist<=0.10	0	0	28505	11598	28505	11598	0.710795	0.722615	0.716656	-0.000044
HCC1395	discovery	66	af_le_0.08_ad_ge_0.20_pairwise_le_0.15	AF<=0.08 and AlleleDelta>=0.20 and PairwiseMedianDist<=0.15	0	0	28505	11598	28505	11598	0.710795	0.722615	0.716656	-0.000044
HCC1395	discovery	67	af_le_0.08_ad_ge_0.20_pairwise_le_0.20	AF<=0.08 and AlleleDelta>=0.20 and PairwiseMedianDist<=0.20	0	0	28505	11598	28505	11598	0.710795	0.722615	0.716656	-0.000044
HCC1395	discovery	68	af_le_0.08_ad_ge_0.25_pairwise_le_0.05	AF<=0.08 and AlleleDelta>=0.25 and PairwiseMedianDist<=0.05	0	0	28505	11598	28505	11598	0.710795	0.722615	0.716656	-0.000044
HCC1395	discovery	69	af_le_0.08_ad_ge_0.25_pairwise_le_0.10	AF<=0.08 and AlleleDelta>=0.25 and PairwiseMedianDist<=0.10	0	0	28505	11598	28505	11598	0.710795	0.722615	0.716656	-0.000044
HCC1395	discovery	70	af_le_0.08_ad_ge_0.25_pairwise_le_0.15	AF<=0.08 and AlleleDelta>=0.25 and PairwiseMedianDist<=0.15	0	0	28505	11598	28505	11598	0.710795	0.722615	0.716656	-0.000044
HCC1395	discovery	71	af_le_0.08_ad_ge_0.25_pairwise_le_0.20	AF<=0.08 and AlleleDelta>=0.25 and PairwiseMedianDist<=0.20	0	0	28505	11598	28505	11598	0.710795	0.722615	0.716656	-0.000044
HCC1395	discovery	72	af_le_0.10_ad_ge_0.15_pairwise_le_0.05	AF<=0.10 and AlleleDelta>=0.15 and PairwiseMedianDist<=0.05	0	0	28505	11598	28505	11598	0.710795	0.722615	0.716656	-0.000044
HCC1395	discovery	73	af_le_0.10_ad_ge_0.15_pairwise_le_0.10	AF<=0.10 and AlleleDelta>=0.15 and PairwiseMedianDist<=0.10	0	0	28505	11598	28505	11598	0.710795	0.722615	0.716656	-0.000044
HCC1395	discovery	74	af_le_0.10_ad_ge_0.15_pairwise_le_0.15	AF<=0.10 and AlleleDelta>=0.15 and PairwiseMedianDist<=0.15	0	0	28505	11598	28505	11598	0.710795	0.722615	0.716656	-0.000044
HCC1395	discovery	75	af_le_0.10_ad_ge_0.15_pairwise_le_0.20	AF<=0.10 and AlleleDelta>=0.15 and PairwiseMedianDist<=0.20	0	0	28505	11598	28505	11598	0.710795	0.722615	0.716656	-0.000044
HCC1395	discovery	76	af_le_0.10_ad_ge_0.20_pairwise_le_0.05	AF<=0.10 and AlleleDelta>=0.20 and PairwiseMedianDist<=0.05	0	0	28505	11598	28505	11598	0.710795	0.722615	0.716656	-0.000044
HCC1395	discovery	77	af_le_0.10_ad_ge_0.20_pairwise_le_0.10	AF<=0.10 and AlleleDelta>=0.20 and PairwiseMedianDist<=0.10	0	0	28505	11598	28505	11598	0.710795	0.722615	0.716656	-0.000044
HCC1395	discovery	78	af_le_0.10_ad_ge_0.20_pairwise_le_0.15	AF<=0.10 and AlleleDelta>=0.20 and PairwiseMedianDist<=0.15	0	0	28505	11598	28505	11598	0.710795	0.722615	0.716656	-0.000044
HCC1395	discovery	79	af_le_0.10_ad_ge_0.20_pairwise_le_0.20	AF<=0.10 and AlleleDelta>=0.20 and PairwiseMedianDist<=0.20	0	0	28505	11598	28505	11598	0.710795	0.722615	0.716656	-0.000044
HCC1395	discovery	80	af_le_0.10_ad_ge_0.25_pairwise_le_0.05	AF<=0.10 and AlleleDelta>=0.25 and PairwiseMedianDist<=0.05	0	0	28505	11598	28505	11598	0.710795	0.722615	0.716656	-0.000044
HCC1395	discovery	81	af_le_0.10_ad_ge_0.25_pairwise_le_0.10	AF<=0.10 and AlleleDelta>=0.25 and PairwiseMedianDist<=0.10	0	0	28505	11598	28505	11598	0.710795	0.722615	0.716656	-0.000044
HCC1395	discovery	82	af_le_0.10_ad_ge_0.25_pairwise_le_0.15	AF<=0.10 and AlleleDelta>=0.25 and PairwiseMedianDist<=0.15	0	0	28505	11598	28505	11598	0.710795	0.722615	0.716656	-0.000044
HCC1395	discovery	83	af_le_0.10_ad_ge_0.25_pairwise_le_0.20	AF<=0.10 and AlleleDelta>=0.25 and PairwiseMedianDist<=0.20	0	0	28505	11598	28505	11598	0.710795	0.722615	0.716656	-0.000044
HCC1395	discovery	84	strong_lowaf_highad	VerificationClass=Strong and AF<=0.10 and AlleleDelta>=0.15	0	0	28505	11598	28505	11598	0.710795	0.722615	0.716656	-0.000044
HCC1395	discovery	85	cluster_plus_weak_lowaf_highad	agreement=cluster_plus_weak_label and AF<=0.10 and AlleleDelta>=0.15	0	0	28505	11598	28505	11598	0.710795	0.722615	0.716656	-0.000044
HCC1395	discovery	86	strong_to_weak_lowaf_highad	class_shift=Strong->Weak and AF<=0.10 and AlleleDelta>=0.15	0	0	28505	11598	28505	11598	0.710795	0.722615	0.716656	-0.000044
HCC1395	discovery	87	quality_low_and_lowaf	QualityScore<=20 and AF<=0.10	0	0	28505	11598	28505	11598	0.710795	0.722615	0.716656	-0.000044
