sample	side	af_b	cn_t	n	TP_rate	HP_Ratio_AUC	HP_Ratio_med	is_high_AUC
HCC1395	Inner	Inter_lo	Loss	233	0.867	0.555	1.0	False
HCC1395	Inner	Inter_lo	Sub	1131	0.918	0.623	1.0	False
HCC1395	Inner	Inter_lo	Diploid	1923	0.898	0.679	1.0	True
HCC1395	Inner	Inter_lo	Gain	2004	0.929	0.681	0.988	True
HCC1395	Inner	Inter_lo	High	1794	0.925	0.602	0.99	False
HCC1395	Inner	NearHalf	Loss	445	0.98	0.604	1.0	False
HCC1395	Inner	NearHalf	Sub	1893	0.958	0.779	1.0	True
HCC1395	Inner	NearHalf	Diploid	1097	0.857	0.714	1.0	True
HCC1395	Inner	NearHalf	Gain	1137	0.717	0.615	0.978	False
HCC1395	Inner	NearHalf	High	491	0.697	0.582	0.973	False
HCC1395	Inner	Inter_hi	Loss	316	0.763	0.565	1.0	False
HCC1395	Inner	Inter_hi	Sub	555	0.746	0.609	1.0	False
HCC1395	Inner	Inter_hi	Diploid	606	0.695	0.669	0.983	True
HCC1395	Inner	Inter_hi	Gain	425	0.701	0.667	0.986	True
HCC1395	Inner	Inter_hi	High	309	0.489	0.684	0.948	True
HCC1395	Inner	Extr_hi	Loss	1610	0.591	0.508	1.0	False
HCC1395	Inner	Extr_hi	Sub	4515	0.554	0.512	1.0	False
HCC1395	Inner	Extr_hi	Diploid	2037	0.531	0.507	1.0	False
HCC1395	Inner	Extr_hi	Gain	724	0.381	0.512	1.0	False
HCC1395	Inner	Extr_hi	High	270	0.244	0.503	1.0	False
HCC1395	Outer	Inter_lo	Loss	55	0.618	0.604	0.5	False
HCC1395	Outer	Inter_lo	Sub	791	0.743	0.512	0.444	False
HCC1395	Outer	Inter_lo	Diploid	2366	0.761	0.525	0.448	False
HCC1395	Outer	Inter_lo	Gain	2762	0.821	0.513	0.476	False
HCC1395	Outer	Inter_lo	High	2107	0.803	0.518	0.444	False
HCC1395	Outer	NearHalf	Loss	102	0.706	0.526	0.483	False
HCC1395	Outer	NearHalf	Sub	699	0.661	0.527	0.5	False
HCC1395	Outer	NearHalf	Diploid	1429	0.589	0.5	0.478	False
HCC1395	Outer	NearHalf	Gain	2342	0.588	0.51	0.495	False
HCC1395	Outer	NearHalf	High	960	0.611	0.507	0.495	False
HCC1395	Outer	Inter_hi	Loss	41	0.683	0.643	0.471	False
HCC1395	Outer	Inter_hi	Sub	360	0.644	0.527	0.443	False
HCC1395	Outer	Inter_hi	Diploid	1045	0.543	0.526	0.424	False
HCC1395	Outer	Inter_hi	Gain	764	0.512	0.513	0.421	False
HCC1395	Outer	Inter_hi	High	539	0.351	0.523	0.415	False
HCC1395	Outer	Extr_hi	Loss	43	0.628	0.566	0.846	False
HCC1395	Outer	Extr_hi	Sub	50	0.58	0.539	0.5	False
HCC1395_DORADO	Inner	Extr_lo	Diploid	31	0.806	0.623	1.0	False
HCC1395_DORADO	Inner	Inter_lo	Loss	128	0.898	0.759	1.0	True
HCC1395_DORADO	Inner	Inter_lo	Sub	878	0.923	0.754	1.0	True
HCC1395_DORADO	Inner	Inter_lo	Diploid	1771	0.893	0.709	1.0	True
HCC1395_DORADO	Inner	Inter_lo	Gain	2162	0.929	0.726	1.0	True
HCC1395_DORADO	Inner	Inter_lo	High	2108	0.932	0.655	0.977	True
HCC1395_DORADO	Inner	NearHalf	Loss	201	0.975	0.832	1.0	True
HCC1395_DORADO	Inner	NearHalf	Sub	1872	0.973	0.868	1.0	True
HCC1395_DORADO	Inner	NearHalf	Diploid	1264	0.888	0.803	1.0	True
HCC1395_DORADO	Inner	NearHalf	Gain	1243	0.713	0.66	0.081	True
HCC1395_DORADO	Inner	NearHalf	High	799	0.706	0.646	0.044	False
HCC1395_DORADO	Inner	Inter_hi	Loss	134	0.843	0.512	1.0	False
HCC1395_DORADO	Inner	Inter_hi	Sub	389	0.848	0.645	1.0	False
HCC1395_DORADO	Inner	Inter_hi	Diploid	585	0.732	0.677	0.976	True
HCC1395_DORADO	Inner	Inter_hi	Gain	595	0.708	0.693	0.986	True
HCC1395_DORADO	Inner	Inter_hi	High	380	0.468	0.65	0.073	True
HCC1395_DORADO	Inner	Extr_hi	Loss	1131	0.607	0.524	1.0	False
HCC1395_DORADO	Inner	Extr_hi	Sub	4686	0.568	0.501	1.0	False
HCC1395_DORADO	Inner	Extr_hi	Diploid	2481	0.53	0.503	1.0	False
HCC1395_DORADO	Inner	Extr_hi	Gain	975	0.414	0.502	1.0	False
HCC1395_DORADO	Inner	Extr_hi	High	369	0.252	0.509	1.0	False
HCC1395_DORADO	Outer	Inter_lo	Sub	408	0.745	0.506	0.44	False
HCC1395_DORADO	Outer	Inter_lo	Diploid	1944	0.76	0.519	0.429	False
HCC1395_DORADO	Outer	Inter_lo	Gain	2880	0.815	0.504	0.466	False
HCC1395_DORADO	Outer	Inter_lo	High	2609	0.826	0.507	0.41	False
HCC1395_DORADO	Outer	NearHalf	Loss	39	0.667	0.607	0.5	False
HCC1395_DORADO	Outer	NearHalf	Sub	494	0.621	0.501	0.489	False
HCC1395_DORADO	Outer	NearHalf	Diploid	1206	0.625	0.513	0.491	False
HCC1395_DORADO	Outer	NearHalf	Gain	2282	0.586	0.515	0.494	False
HCC1395_DORADO	Outer	NearHalf	High	1488	0.605	0.53	0.485	False
HCC1395_DORADO	Outer	Inter_hi	Sub	182	0.593	0.541	0.396	False
HCC1395_DORADO	Outer	Inter_hi	Diploid	938	0.578	0.535	0.364	False
HCC1395_DORADO	Outer	Inter_hi	Gain	953	0.539	0.516	0.369	False
HCC1395_DORADO	Outer	Inter_hi	High	623	0.366	0.51	0.324	False
HCC1937	Inner	Extr_lo	Sub	72	0.931	0.561	1.0	False
HCC1937	Inner	Extr_lo	Diploid	85	0.918	0.711	1.0	True
HCC1937	Inner	Extr_lo	Gain	60	0.917	0.684	1.0	True
HCC1937	Inner	Extr_lo	High	37	0.973	0.639	0.966	False
HCC1937	Inner	Inter_lo	Loss	316	0.924	0.61	1.0	False
HCC1937	Inner	Inter_lo	Sub	1257	0.959	0.846	1.0	True
HCC1937	Inner	Inter_lo	Diploid	1266	0.925	0.773	1.0	True
HCC1937	Inner	Inter_lo	Gain	1067	0.88	0.746	1.0	True
HCC1937	Inner	Inter_lo	High	467	0.758	0.652	0.095	True
HCC1937	Inner	NearHalf	Loss	103	0.874	0.658	1.0	True
HCC1937	Inner	NearHalf	Sub	703	0.846	0.826	1.0	True
HCC1937	Inner	NearHalf	Diploid	849	0.808	0.815	1.0	True
HCC1937	Inner	NearHalf	Gain	358	0.662	0.751	1.0	True
HCC1937	Inner	NearHalf	High	211	0.294	0.568	0.077	False
HCC1937	Inner	Inter_hi	Loss	108	0.769	0.53	1.0	False
HCC1937	Inner	Inter_hi	Sub	338	0.787	0.708	1.0	True
HCC1937	Inner	Inter_hi	Diploid	255	0.647	0.755	1.0	True
HCC1937	Inner	Inter_hi	Gain	255	0.467	0.753	1.0	True
HCC1937	Inner	Inter_hi	High	106	0.151	0.635	0.065	False
HCC1937	Inner	Extr_hi	Loss	1403	0.325	0.501	1.0	False
HCC1937	Inner	Extr_hi	Sub	2677	0.23	0.506	1.0	False
HCC1937	Inner	Extr_hi	Diploid	2018	0.193	0.51	1.0	False
HCC1937	Inner	Extr_hi	Gain	898	0.188	0.511	1.0	False
HCC1937	Inner	Extr_hi	High	127	0.126	0.508	1.0	False
HCC1937	Outer	Extr_lo	Diploid	33	1.0		0.509	False
HCC1937	Outer	Extr_lo	Gain	37	0.892	0.667	0.398	True
HCC1937	Outer	Extr_lo	High	86	0.977	0.625	0.401	False
HCC1937	Outer	Inter_lo	Loss	74	0.446	0.559	0.416	False
HCC1937	Outer	Inter_lo	Sub	684	0.558	0.627	0.388	False
HCC1937	Outer	Inter_lo	Diploid	1012	0.63	0.523	0.398	False
HCC1937	Outer	Inter_lo	Gain	1419	0.63	0.545	0.385	False
HCC1937	Outer	Inter_lo	High	1144	0.725	0.508	0.421	False
HCC1937	Outer	NearHalf	Loss	68	0.235	0.658	0.473	True
HCC1937	Outer	NearHalf	Sub	736	0.318	0.504	0.488	False
HCC1937	Outer	NearHalf	Diploid	1224	0.376	0.527	0.487	False
HCC1937	Outer	NearHalf	Gain	751	0.316	0.554	0.48	False
HCC1937	Outer	NearHalf	High	609	0.279	0.53	0.51	False
HCC1937	Outer	Inter_hi	Loss	39	0.487	0.557	0.377	False
HCC1937	Outer	Inter_hi	Sub	367	0.316	0.536	0.36	False
HCC1937	Outer	Inter_hi	Diploid	439	0.257	0.542	0.359	False
HCC1937	Outer	Inter_hi	Gain	529	0.204	0.503	0.351	False
HCC1937	Outer	Inter_hi	High	292	0.086	0.59	0.322	False
HCC1954	Inner	Extr_lo	Gain	36	0.611	0.688	0.095	True
HCC1954	Inner	Extr_lo	High	47	0.681	0.576	0.089	False
HCC1954	Inner	Inter_lo	Loss	218	0.601	0.5	0.0	False
HCC1954	Inner	Inter_lo	Sub	1778	0.578	0.617	0.0	False
HCC1954	Inner	Inter_lo	Diploid	1988	0.552	0.628	0.0	False
HCC1954	Inner	Inter_lo	Gain	1151	0.52	0.595	0.03	False
HCC1954	Inner	Inter_lo	High	505	0.497	0.601	0.901	False
HCC1954	Inner	NearHalf	Loss	186	0.495	0.652	0.016	True
HCC1954	Inner	NearHalf	Sub	961	0.226	0.643	0.0	False
HCC1954	Inner	NearHalf	Diploid	1148	0.199	0.59	0.0	False
HCC1954	Inner	NearHalf	Gain	452	0.217	0.551	0.023	False
HCC1954	Inner	NearHalf	High	169	0.166	0.568	0.061	False
HCC1954	Inner	Inter_hi	Loss	126	0.222	0.693	0.0	True
HCC1954	Inner	Inter_hi	Sub	918	0.074	0.717	0.0	True
HCC1954	Inner	Inter_hi	Diploid	1094	0.07	0.698	0.013	True
HCC1954	Inner	Inter_hi	Gain	640	0.1	0.81	0.025	True
HCC1954	Inner	Inter_hi	High	351	0.123	0.773	0.048	True
HCC1954	Inner	Extr_hi	Loss	752	0.092	0.592	1.0	False
HCC1954	Inner	Extr_hi	Sub	1010	0.034	0.509	1.0	False
HCC1954	Inner	Extr_hi	Diploid	889	0.015	0.514	1.0	False
HCC1954	Inner	Extr_hi	Gain	267	0.034	0.568	1.0	False
HCC1954	Inner	Extr_hi	High	216	0.037	0.658	1.0	True
HCC1954	Outer	Extr_lo	Diploid	36	0.972	1.0	0.476	True
HCC1954	Outer	Extr_lo	Gain	42	0.976	0.561	0.5	False
HCC1954	Outer	Extr_lo	High	109	1.0		0.412	False
HCC1954	Outer	Inter_lo	Loss	960	0.435	0.51	0.387	False
HCC1954	Outer	Inter_lo	Sub	8082	0.441	0.535	0.383	False
HCC1954	Outer	Inter_lo	Diploid	8835	0.433	0.538	0.371	False
HCC1954	Outer	Inter_lo	Gain	4430	0.405	0.541	0.378	False
HCC1954	Outer	Inter_lo	High	1556	0.407	0.516	0.487	False
HCC1954	Outer	NearHalf	Loss	751	0.193	0.521	0.487	False
HCC1954	Outer	NearHalf	Sub	5146	0.141	0.542	0.491	False
HCC1954	Outer	NearHalf	Diploid	5403	0.119	0.586	0.5	False
HCC1954	Outer	NearHalf	Gain	2287	0.112	0.645	0.487	False
HCC1954	Outer	NearHalf	High	812	0.086	0.507	0.493	False
HCC1954	Outer	Inter_hi	Loss	672	0.07	0.523	0.351	False
HCC1954	Outer	Inter_hi	Sub	4810	0.04	0.532	0.346	False
HCC1954	Outer	Inter_hi	Diploid	5075	0.034	0.521	0.319	False
HCC1954	Outer	Inter_hi	Gain	2297	0.027	0.554	0.34	False
HCC1954	Outer	Inter_hi	High	964	0.043	0.526	0.361	False
H2009	Inner	Extr_lo	Loss	42	0.786	0.534	0.085	False
H2009	Inner	Extr_lo	Sub	59	0.763	0.629	0.908	False
H2009	Inner	Extr_lo	Diploid	66	0.864	0.616	0.097	False
H2009	Inner	Inter_lo	Loss	225	0.956	0.593	1.0	False
H2009	Inner	Inter_lo	Sub	1542	0.971	0.761	1.0	True
H2009	Inner	Inter_lo	Diploid	2309	0.956	0.591	0.933	False
H2009	Inner	Inter_lo	Gain	3305	0.943	0.523	0.009	False
H2009	Inner	Inter_lo	High	1632	0.953	0.513	0.018	False
H2009	Inner	NearHalf	Loss	217	0.977	0.53	1.0	False
H2009	Inner	NearHalf	Sub	6822	0.967	0.71	1.0	True
H2009	Inner	NearHalf	Diploid	7058	0.954	0.684	1.0	True
H2009	Inner	NearHalf	Gain	949	0.905	0.521	0.028	False
H2009	Inner	NearHalf	High	512	0.865	0.52	0.028	False
H2009	Inner	Inter_hi	Loss	500	0.956	0.536	0.923	False
H2009	Inner	Inter_hi	Sub	983	0.94	0.572	1.0	False
H2009	Inner	Inter_hi	Diploid	1243	0.918	0.529	0.083	False
H2009	Inner	Inter_hi	Gain	1799	0.891	0.512	0.027	False
H2009	Inner	Inter_hi	High	773	0.913	0.573	0.021	False
H2009	Inner	Extr_hi	Loss	3267	0.912	0.547	1.0	False
H2009	Inner	Extr_hi	Sub	12237	0.899	0.505	1.0	False
H2009	Inner	Extr_hi	Diploid	9573	0.867	0.504	1.0	False
H2009	Inner	Extr_hi	Gain	775	0.874	0.548	1.0	False
H2009	Inner	Extr_hi	High	54	0.741	0.534	1.0	False
H2009	Outer	Extr_lo	Diploid	46	0.978	0.978	0.488	True
H2009	Outer	Extr_lo	High	43	0.977	0.643	0.362	False
H2009	Outer	Inter_lo	Loss	255	0.898	0.55	0.245	False
H2009	Outer	Inter_lo	Sub	2470	0.926	0.53	0.444	False
H2009	Outer	Inter_lo	Diploid	7217	0.932	0.501	0.392	False
H2009	Outer	Inter_lo	Gain	13565	0.929	0.514	0.387	False
H2009	Outer	Inter_lo	High	5135	0.931	0.51	0.462	False
H2009	Outer	NearHalf	Loss	302	0.904	0.597	0.5	False
H2009	Outer	NearHalf	Sub	14077	0.916	0.51	0.5	False
H2009	Outer	NearHalf	Diploid	17133	0.895	0.503	0.495	False
H2009	Outer	NearHalf	Gain	3837	0.888	0.526	0.486	False
H2009	Outer	NearHalf	High	2122	0.887	0.503	0.5	False
H2009	Outer	Inter_hi	Loss	341	0.912	0.555	0.157	False
H2009	Outer	Inter_hi	Sub	1565	0.903	0.548	0.397	False
H2009	Outer	Inter_hi	Diploid	4032	0.9	0.513	0.374	False
H2009	Outer	Inter_hi	Gain	7023	0.875	0.502	0.366	False
H2009	Outer	Inter_hi	High	2355	0.889	0.509	0.329	False
H2009	Outer	Extr_hi	Loss	95	0.895	0.506	0.195	False
H2009	Outer	Extr_hi	Sub	59	0.881	0.679	0.413	True
H2009	Outer	Extr_hi	Diploid	32	0.812	0.676	0.5	True
H1437	Inner	Extr_lo	Sub	95	0.916	0.695	1.0	True
H1437	Inner	Inter_lo	Loss	471	0.968	0.832	1.0	True
H1437	Inner	Inter_lo	Sub	1952	0.879	0.7	0.97	True
H1437	Inner	Inter_lo	Diploid	1938	0.842	0.593	0.018	False
H1437	Inner	Inter_lo	Gain	692	0.928	0.6	0.914	False
H1437	Inner	Inter_lo	High	172	0.884	0.559	1.0	False
H1437	Inner	NearHalf	Loss	529	0.979	0.779	1.0	True
H1437	Inner	NearHalf	Sub	1248	0.908	0.76	1.0	True
H1437	Inner	NearHalf	Diploid	1120	0.772	0.526	0.0	False
H1437	Inner	NearHalf	Gain	707	0.752	0.519	0.0	False
H1437	Inner	NearHalf	High	92	0.793	0.519	0.02	False
H1437	Inner	Inter_hi	Loss	210	0.743	0.556	1.0	False
H1437	Inner	Inter_hi	Sub	1163	0.785	0.593	0.053	False
H1437	Inner	Inter_hi	Diploid	1325	0.768	0.589	0.047	False
H1437	Inner	Inter_hi	Gain	335	0.836	0.639	0.096	False
H1437	Inner	Inter_hi	High	84	0.81	0.556	1.0	False
H1437	Inner	Extr_hi	Loss	4870	0.723	0.503	1.0	False
H1437	Inner	Extr_hi	Sub	6441	0.742	0.509	1.0	False
H1437	Inner	Extr_hi	Diploid	428	0.591	0.506	1.0	False
H1437	Inner	Extr_hi	Gain	133	0.647	0.52	1.0	False
H1437	Inner	Extr_hi	High	68	0.529	0.533	1.0	False
H1437	Outer	Extr_lo	Sub	35	0.943	0.629	0.377	False
H1437	Outer	Extr_lo	Diploid	77	0.948	0.955	0.435	True
H1437	Outer	Extr_lo	Gain	37	0.919	0.961	0.495	True
H1437	Outer	Inter_lo	Loss	246	0.728	0.554	0.378	False
H1437	Outer	Inter_lo	Sub	4966	0.78	0.524	0.381	False
H1437	Outer	Inter_lo	Diploid	6880	0.81	0.524	0.392	False
H1437	Outer	Inter_lo	Gain	2158	0.833	0.546	0.421	False
H1437	Outer	Inter_lo	High	341	0.789	0.639	0.562	False
H1437	Outer	NearHalf	Loss	286	0.727	0.52	0.488	False
H1437	Outer	NearHalf	Sub	2308	0.759	0.508	0.479	False
H1437	Outer	NearHalf	Diploid	4145	0.727	0.503	0.494	False
H1437	Outer	NearHalf	Gain	2907	0.725	0.52	0.5	False
H1437	Outer	NearHalf	High	313	0.649	0.534	0.496	False
H1437	Outer	Inter_hi	Loss	227	0.652	0.519	0.324	False
H1437	Outer	Inter_hi	Sub	3884	0.723	0.508	0.36	False
H1437	Outer	Inter_hi	Diploid	4707	0.737	0.521	0.361	False
H1437	Outer	Inter_hi	Gain	1047	0.755	0.501	0.357	False
H1437	Outer	Inter_hi	High	135	0.719	0.563	0.604	False
