region	chrom	shape	cn	n_reads	n_pop	popA	popA_n	popB	popB_n	n_cpg_tested	n_sig_cpg	max_dbeta	min_q	corroborated	hp_control_eval	cis_hit	cis_explained
chr6:88862216-88871971	chr6	full_tree	loh	44	3	AARAAA	19	RRRRAA	16	253	0	0.811	1.0	0	0	0	0
chr15:27306194-27306522	chr15	linear_nested	loh	48	2	RRRRRRRRRR	37	AAAAAAAAAA	6	72	0	0.637	1.0	0	0	0	0
chr3:71327944-71329696	chr3	linear_nested	neutral	52	2	RRRRRRRRR	31	AAAAAAAAA	17	314	1	0.887	0.0411	1	0	0	0
chr5:109588573-109589616	chr5	full_tree	loh	35	3	RRRR	16	RRRA	11	214	0	0.984	0.0833	0	0	0	0
chr8:91291447-91300345	chr8	full_tree	loh	31	3	RRRR	13	ARRA	12	306	0	0.983	0.5995	0	0	0	0
chr11:70879255-70888432	chr11	full_tree	loh	21	2	RRRR	10	ARRR	10	687	0	0.982	0.94	0	0	0	0
chr8:61402948-61415187	chr8	full_tree	loh	33	3	ARAR	12	RRRA	11	237	0	0.976	0.2837	0	0	0	0
chr12:132557304-132563011	chr12	full_tree	loh	29	2	AAAR	18	ARRR	10	2250	0	0.945	1.0	0	0	0	0
chr21:10330070-10358257	chr21	full_tree	neutral	20	2	RRRRRRR	9	AAAARAA	8	669	0	0.974	0.7882	0	0	0	0
chr2:223827191-223852036	chr2	linear_nested	neutral	20	2	RRRR	9	AAAR	6	497	0	0.853	0.6574	0	0	0	0
chr6:164170908-164188447	chr6	full_tree	loh	12	2	RARA	7	ARAA	4	0	0	0.0	1.0	0	0	0	0
chr7:21558013-21573450	chr7	full_tree	loh	18	2	RARR	13	ARAA	4	0	0	0.0	1.0	0	0	0	0
chr10:86009126-86017895	chr10	full_tree	loh	30	2	ARAA	18	RRAA	11	400	0	0.963	0.4641	0	0	0	0
chr11:101156286-101177943	chr11	linear_nested	loh	10	2	AAAR	6	AAAA	3	0	0	0.0	1.0	0	0	0	0
chr17:27147004-27157994	chr17	full_tree	loh	20	2	RRRR	10	RRAR	7	409	0	0.98	0.7004	0	0	0	0
chr17:48357368-48365161	chr17	full_tree	loh	32	3	RAAA	14	RRAR	10	251	0	0.984	0.1896	0	0	0	0
chr1:7500258-7500398	chr1	full_tree	loh	63	4	RRR	42	AAR	13	666	0	0.881	1.0	0	0	0	0
chr1:57352048-57356097	chr1	full_tree	loh	40	2	RAR	19	ARA	18	297	0	0.983	0.127	0	0	0	0
chr2:124328703-124354937	chr2	full_tree	loh	10	2	ARR	5	AAR	4	127	0	0.946	0.8078	0	0	0	0
chr3:118416245-118431583	chr3	full_tree	loh	7	2	ARA	3	RAA	3	0	0	0.0	1.0	0	0	0	0
chr5:64276850-64294315	chr5	sibling_only	loh	13	2	RRA	6	RAR	6	96	0	0.979	0.4906	0	0	0	0
chr5:72534548-72541165	chr5	full_tree	loh	27	3	RRA	17	RAA	6	169	0	0.485	0.8442	0	0	0	0
chr5:112399625-112415165	chr5	sibling_only	loh	16	2	ARR	7	RRA	7	315	0	0.983	0.5833	0	0	0	0
chr5:119701911-119716464	chr5	full_tree	loh	14	2	ARR	7	AAR	3	0	0	0.0	1.0	0	0	0	0
chr5:171677602-171694829	chr5	full_tree	loh	30	3	AAR	16	ARA	8	597	0	0.987	0.2785	0	0	0	0
chr6:112651643-112663326	chr6	full_tree	loh	18	3	AAR	7	ARR	6	73	0	0.519	1.0	0	0	0	0
chr8:22725703-22747662	chr8	full_tree	loh	11	2	AAR	6	RRA	5	379	0	0.974	0.937	0	0	0	0
chr8:46668377-46684421	chr8	full_tree	loh	13	2	RAA	6	ARA	6	0	0	0.0	1.0	0	0	0	0
chr8:58338760-58349709	chr8	sibling_only	loh	42	3	ARR	15	RAR	14	370	0	0.975	0.3388	0	0	0	0
chr8:92045604-92049056	chr8	full_tree	loh	54	3	RAA	20	RRR	19	363	6	0.984	0.0494	1	0	0	0
chr9:18375981-18394066	chr9	full_tree	loh	17	2	ARA	8	RAR	8	235	0	0.935	1.0	0	0	0	0
chr10:99035284-99060233	chr10	full_tree	loh	8	2	RRA	5	AAR	3	1	0	0.013	0.8486	0	0	0	0
chr10:125007013-125014690	chr10	full_tree	loh	55	2	RAA	28	ARA	23	2154	0	0.87	0.9871	0	0	0	0
chr10:131800339-131819860	chr10	full_tree	loh	10	2	ARR	5	RRR	3	0	0	0.0	1.0	0	0	0	0
chr11:39795758-39815337	chr11	full_tree	loh	12	2	ARR	7	ARA	4	0	0	0.0	1.0	0	0	0	0
chr12:97632597-97635740	chr12	full_tree	loh	27	3	RAA	12	RRR	11	229	0	0.976	0.3158	0	0	0	0
chr13:95064297-95077922	chr13	sibling_only	loh	17	2	RAR	10	RRA	5	281	0	0.98	1.0	0	0	0	0
chr18:4442473-4465873	chr18	full_tree	loh	8	2	RAR	4	AAR	4	0	0	0.0	1.0	0	0	0	0
chr2:199766356-199790920	chr2	full_tree	neutral	16	2	RRRRR	9	RRRAR	4	150	0	0.928	0.8	0	0	0	0
chr15:17079385-17079804	chr15	linear_nested	neutral	59	2	RRRRR	49	AAAAA	8	23	0	0.897	0.0701	0	0	0	0
chr4:39436884-39460442	chr4	sibling_only	neutral	16	2	RRRR	7	RRAR	6	787	0	0.978	1.0	0	0	0	0
chr5:113855568-113871062	chr5	linear_nested	loh	15	2	AAAA	9	RARA	5	93	0	0.982	0.62	0	0	0	0
chr6:110376615-110391015	chr6	linear_nested	loh	21	2	AARR	17	AARA	3	0	0	0.0	1.0	0	0	0	0
chr11:20962531-20971942	chr11	sibling_only	loh	28	2	RARR	15	RAAR	11	267	0	0.924	0.7208	0	0	0	0
chr2:18333859-18349559	chr2	linear_nested	loh	16	2	ARR	8	ARA	5	80	0	0.979	0.4975	0	0	0	0
chr2:128135634-128143485	chr2	linear_nested	loh	30	2	RRR	25	AAA	3	0	0	0.0	1.0	0	0	0	0
chr3:71910173-71920849	chr3	linear_nested	loh	21	2	AAA	14	RRA	6	184	0	0.961	0.5714	0	0	0	0
chr3:77554784-77555786	chr3	linear_nested	loh	42	2	RRA	22	AAA	17	231	0	0.986	0.3411	0	0	0	0
chr3:81913348-81917506	chr3	full_tree	loh	28	2	RRR	15	ARA	8	169	0	0.965	0.6991	0	0	0	0
chr3:126650545-126668351	chr3	full_tree	loh	15	2	AAR	7	ARA	5	290	0	0.972	0.494	0	0	0	0
chr3:128677864-128694547	chr3	linear_nested	loh	29	3	RRR	14	AAA	9	1182	0	0.981	0.8808	0	0	0	0
chr4:145261686-145262848	chr4	full_tree	loh	27	2	RAR	22	ARA	3	0	0	0.0	1.0	0	0	0	0
chr4:156441706-156448641	chr4	full_tree	loh	14	2	RAA	6	ARA	6	118	0	0.883	1.0	0	0	0	0
chr4:162376577-162392265	chr4	linear_nested	loh	8	2	RAA	3	RRA	3	0	0	0.0	1.0	0	0	0	0
chr4:190108740-190112507	chr4	linear_nested	neutral	361	2	RRR	331	AAA	28	812	28	0.857	0.0001	1	0	0	0
chr5:60536738-60553511	chr5	linear_nested	loh	12	2	AAA	7	RAA	4	128	0	0.981	1.0	0	0	0	0
chr5:139095924-139109458	chr5	linear_nested	loh	18	2	AAA	10	AAR	8	299	0	0.934	0.9876	0	0	0	0
chr5:175946003-175946509	chr5	linear_nested	loh	83	2	RRR	60	AAA	21	785	10	0.981	0.0033	1	0	0	0
chr5:178839731-178862561	chr5	linear_nested	loh	20	2	RRA	11	AAA	9	1278	0	0.977	0.5483	0	0	0	0
chr6:112222431-112245184	chr6	linear_nested	loh	13	2	ARR	9	AAA	3	0	0	0.0	1.0	0	0	0	0
chr6:162499407-162508092	chr6	linear_nested	loh	21	2	RRR	13	AAA	5	129	0	0.979	0.1025	0	0	0	0
chr8:19210340-19215143	chr8	sibling_only	loh	34	3	ARR	14	RAA	13	341	0	0.984	0.3821	0	0	0	0
chr9:30374811-30375868	chr9	linear_nested	loh	55	3	ARR	26	AAA	24	235	5	0.971	0.0262	1	0	0	0
chr10:11815399-11823264	chr10	full_tree	loh	24	2	ARA	12	RAA	11	1051	0	0.97	0.4267	0	0	0	0
chr10:17370596-17394221	chr10	linear_nested	loh	8	2	AAR	5	AAA	3	0	0	0.0	1.0	0	0	0	0
chr10:111030565-111056521	chr10	linear_nested	loh	10	2	RAA	5	AAA	4	0	0	0.0	1.0	0	0	0	0
chr11:24731614-24740365	chr11	full_tree	loh	30	2	ARA	17	AAR	12	321	0	0.984	0.1283	0	0	0	0
chr11:103894538-103906824	chr11	sibling_only	loh	21	3	RAR	8	ARR	7	223	0	0.974	0.6526	0	0	0	0
chr13:68162169-68173006	chr13	full_tree	loh	25	2	RAA	13	ARA	9	338	0	0.953	1.0	0	0	0	0
chr13:103054961-103079386	chr13	linear_nested	loh	7	2	RAA	3	AAA	3	0	0	0.0	1.0	0	0	0	0
chr14:70861465-70881360	chr14	full_tree	loh	11	2	ARA	6	AAR	3	0	0	0.0	1.0	0	0	0	0
chr14:73880672-73900269	chr14	linear_nested	loh	16	2	AAA	10	AAR	3	275	0	0.472	1.0	0	0	0	0
chr18:3281734-3299083	chr18	linear_nested	loh	15	2	AAR	10	AAA	4	120	0	0.625	1.0	0	0	0	0
chr19:57565644-57582974	chr19	sibling_only	loh	10	2	RRA	7	RRR	3	0	0	0.0	1.0	0	0	0	0
chr21:35830844-35837363	chr21	linear_nested	neutral	30	2	RRR	17	AAA	11	379	0	0.984	0.7059	0	0	0	0
chr3:194404912-194417985	chr3	sibling_only	loh	11	2	RRRAR	3	RRRRR	3	0	0	0.0	1.0	0	0	0	0
chr3:59794636-59802951	chr3	linear_nested	loh	30	2	RRRR	25	AAAA	4	0	0	0.0	1.0	0	0	0	0
chr3:126806293-126820819	chr3	sibling_only	loh	12	2	RRAR	9	AARA	3	0	0	0.0	1.0	0	0	0	0
chr4:152733270-152739908	chr4	linear_nested	loh	31	2	RRRR	27	AAAA	3	0	0	0.0	1.0	0	0	0	0
chr4:174778828-174790589	chr4	sibling_only	loh	20	2	RRRR	14	RRAA	5	170	0	0.985	0.32	0	0	0	0
chr5:173111092-173143076	chr5	sibling_only	loh	8	2	ARAA	5	RARR	3	0	0	0.0	1.0	0	0	0	0
chr6:162254431-162270540	chr6	linear_nested	loh	9	2	RRRR	5	ARRR	4	0	0	0.0	1.0	0	0	0	0
chr8:87281669-87315420	chr8	sibling_only	loh	7	2	RRRR	4	RRAR	3	0	0	0.0	1.0	0	0	0	0
chr13:85471178-85481811	chr13	sibling_only	loh	16	2	AAAR	8	ARAA	5	136	0	0.778	0.8046	0	0	0	0
chr1:38089079-38091426	chr1	linear_nested	loh	48	2	RRR	43	AAA	4	74	0	0.976	0.1854	0	0	0	0
chr1:39714746-39718326	chr1	linear_nested	loh	59	3	RRR	22	RRA	22	574	3	0.974	0.0199	1	0	0	0
chr1:55001729-55033555	chr1	sibling_only	loh	8	2	RRA	5	AAR	3	0	0	0.0	1.0	0	0	0	0
chr1:68682105-68701931	chr1	sibling_only	loh	14	3	RRR	6	RAA	4	79	0	0.939	0.6066	0	0	0	0
chr1:78854076-78873994	chr1	linear_nested	loh	9	2	RRR	5	AAA	3	0	0	0.0	1.0	0	0	0	0
chr2:199690690-199705268	chr2	linear_nested	neutral	24	2	RRA	14	AAR	8	234	0	0.944	0.6801	0	0	0	0
chr2:204644837-204648404	chr2	linear_nested	neutral	58	2	ARR	29	RAA	27	380	15	0.981	0.0016	1	0	0	0
chr2:213115883-213135254	chr2	sibling_only	neutral	14	2	RRR	10	AAR	3	1	0	0.424	0.5714	0	0	0	0
chr3:59496505-59505094	chr3	linear_nested	loh	25	2	RRA	12	AAA	10	286	0	0.967	0.1651	0	0	0	0
chr3:97100673-97101335	chr3	linear_nested	loh	54	3	RRR	46	ARR	4	35	0	0.652	0.4304	0	0	0	0
chr3:116124626-116130457	chr3	linear_nested	loh	32	2	AAR	16	AAA	11	244	0	0.935	0.827	0	0	0	0
chr4:10862243-10863078	chr4	linear_nested	loh	43	2	RRR	38	AAA	3	0	0	0.0	1.0	0	0	0	0
chr4:152824289-152841811	chr4	sibling_only	loh	13	2	RRR	9	ARR	4	131	0	0.346	0.9381	0	0	0	0
chr4:164306025-164320657	chr4	linear_nested	loh	17	2	RRR	14	AAA	3	105	0	0.971	0.1606	0	0	0	0
chr5:73285870-73305142	chr5	linear_nested	loh	14	2	RAA	7	AAA	7	573	0	0.97	0.7135	0	0	0	0
chr5:82960450-82979955	chr5	linear_nested	loh	17	2	ARR	12	AAR	4	140	0	0.565	1.0	0	0	0	0
chr5:170542421-170563845	chr5	linear_nested	loh	13	3	ARA	5	AAA	4	231	0	0.951	0.6823	0	0	0	0
chr5:173769135-173786784	chr5	sibling_only	loh	15	2	RRR	10	RAA	5	195	0	0.97	0.9846	0	0	0	0
chr5:175313830-175335678	chr5	sibling_only	loh	10	2	AAR	6	RAA	3	130	0	0.945	0.2906	0	0	0	0
chr6:162361269-162364468	chr6	sibling_only	loh	28	2	ARR	18	RRR	8	199	0	0.993	0.4251	0	0	0	0
chr6:164671434-164695550	chr6	linear_nested	loh	10	2	AAA	5	ARA	5	147	0	0.672	0.7313	0	0	0	0
chr6:165959230-165980348	chr6	sibling_only	loh	11	2	ARR	7	RRR	3	1	0	0.126	0.8544	0	0	0	0
chr6:166188122-166201633	chr6	linear_nested	loh	14	2	RAA	11	AAA	3	0	0	0.0	1.0	0	0	0	0
chr8:13987667-13993995	chr8	linear_nested	loh	24	2	AAR	19	AAA	5	78	0	0.967	0.3527	0	0	0	0
chr8:61148458-61188388	chr8	sibling_only	loh	8	2	RRR	3	ARA	3	0	0	0.0	1.0	0	0	0	0
chr8:89619503-89637367	chr8	sibling_only	loh	21	3	RRR	7	ARR	7	147	0	0.956	0.875	0	0	0	0
chr8:90456845-90481047	chr8	linear_nested	loh	10	2	RRR	3	RAR	3	0	0	0.0	1.0	0	0	0	0
chr9:28572235-28577820	chr9	sibling_only	loh	42	2	RRR	23	RRA	18	395	4	0.98	0.0223	1	0	0	0
chr9:112012048-112020957	chr9	linear_nested	loh	32	2	RRR	28	AAA	3	0	0	0.0	1.0	0	0	0	0
chr9:113369792-113387776	chr9	linear_nested	loh	11	2	AAA	7	RAA	4	345	0	0.973	1.0	0	0	0	0
chr9:124807065-124816793	chr9	linear_nested	loh	24	2	AAA	13	AAR	11	768	0	0.864	1.0	0	0	0	0
chr10:7289953-7316916	chr10	sibling_only	loh	7	2	ARR	4	RRR	3	232	0	0.988	0.703	0	0	0	0
chr10:13740500-13760920	chr10	linear_nested	loh	9	2	AAA	5	RAA	4	2	0	0.204	0.7517	0	0	0	0
chr10:70493807-70515910	chr10	linear_nested	loh	8	2	AAA	4	ARA	4	0	0	0.0	1.0	0	0	0	0
chr11:87189386-87204396	chr11	linear_nested	loh	14	2	RAR	6	AAR	5	0	0	0.0	1.0	0	0	0	0
chr11:104128400-104158264	chr11	linear_nested	loh	6	2	AAR	3	AAA	3	0	0	0.0	1.0	0	0	0	0
chr11:109325771-109334479	chr11	linear_nested	loh	16	2	AAA	9	RAA	6	90	0	0.969	0.3429	0	0	0	0
chr11:130805184-130823355	chr11	linear_nested	loh	11	2	AAA	8	AAR	3	0	0	0.0	1.0	0	0	0	0
chr12:66178439-66180098	chr12	linear_nested	loh	47	2	RRR	43	AAA	3	8	0	0.779	0.0958	0	0	0	0
chr12:77758151-77763339	chr12	linear_nested	loh	36	2	AAA	18	RAA	14	185	0	0.724	0.9522	0	0	0	0
chr12:86372617-86392182	chr12	linear_nested	loh	12	2	AAR	5	AAA	5	0	0	0.0	1.0	0	0	0	0
chr12:126467091-126488028	chr12	linear_nested	loh	12	2	RAA	8	RRR	3	0	0	0.0	1.0	0	0	0	0
chr13:86145243-86155140	chr13	linear_nested	loh	21	3	ARR	10	AAR	4	51	0	0.663	0.8829	0	0	0	0
chr17:51866238-51881297	chr17	sibling_only	loh	20	2	RRR	12	RAR	7	234	0	0.607	1.0	0	0	0	0
chr17:82593283-82600290	chr17	sibling_only	loh	60	3	RRR	32	RAA	21	1701	0	0.715	1.0	0	0	0	0
chr21:10004846-10022977	chr21	sibling_only	neutral	24	2	RRR	19	RAA	4	0	0	0.0	1.0	0	0	0	0
chr21:22306211-22315240	chr21	linear_nested	neutral	18	2	RRA	11	AAR	7	93	0	0.962	0.2254	0	0	0	0
chr21:42122643-42131981	chr21	sibling_only	neutral	21	2	RRA	12	RRR	9	714	0	0.988	0.7158	0	0	0	0
chr1:4197610-4216895	chr1	linear_nested	loh	10	2	AA	6	AR	4	1	0	0.012	0.6531	0	0	0	0
chr1:5816053-5816054	chr1	linear_nested	loh	58	2	AA	51	RR	6	227	0	0.895	0.3342	0	0	0	0
chr1:6740860-6754743	chr1	sibling_only	loh	20	3	RR	12	AR	4	239	0	0.672	1.0	0	0	0	0
chr1:9095521-9095522	chr1	linear_nested	loh	58	2	RR	39	AA	18	716	0	0.858	0.2648	0	0	0	0
chr1:37368770-37369340	chr1	linear_nested	loh	53	2	RA	33	AA	20	500	0	0.969	0.0996	0	0	0	0
chr1:39189499-39195231	chr1	sibling_only	loh	44	2	AR	22	RA	21	764	0	0.92	1.0	0	0	0	0
chr1:55395827-55412239	chr1	sibling_only	loh	13	2	AR	8	RA	5	0	0	0.0	1.0	0	0	0	0
chr1:57126357-57134064	chr1	linear_nested	loh	26	2	AA	13	RR	11	264	0	0.977	0.1421	0	0	0	0
chr1:58061351-58061920	chr1	linear_nested	loh	55	3	RR	34	AA	18	376	64	0.974	0.0051	1	0	0	0
chr1:58876875-58900595	chr1	sibling_only	loh	15	2	AR	8	RA	6	247	0	0.729	0.9869	0	0	0	0
chr1:59186193-59188830	chr1	sibling_only	loh	38	3	RR	18	AR	17	302	0	0.966	0.057	0	0	0	0
chr1:63127902-63138828	chr1	linear_nested	loh	32	2	AA	16	RR	15	403	0	0.722	0.8353	0	0	0	0
chr1:64399552-64420373	chr1	sibling_only	loh	12	2	AR	7	RA	5	259	0	0.975	1.0	0	0	0	0
chr1:65938816-65944395	chr1	linear_nested	loh	39	2	RR	20	AA	18	333	0	0.956	0.1563	0	0	0	0
chr1:66491091-66506467	chr1	linear_nested	loh	16	2	RR	9	AA	5	0	0	0.0	1.0	0	0	0	0
chr1:66767052-66774696	chr1	sibling_only	loh	33	2	RA	17	AR	16	266	0	0.958	0.5641	0	0	0	0
chr1:68837418-68849100	chr1	linear_nested	loh	26	2	RR	13	AA	12	192	0	0.976	0.1751	0	0	0	0
chr1:69391306-69396161	chr1	sibling_only	loh	36	3	RR	19	AR	13	327	0	0.972	0.2452	0	0	0	0
chr1:76677265-76696659	chr1	sibling_only	loh	8	2	RA	4	AR	3	0	0	0.0	1.0	0	0	0	0
chr1:97324729-97347074	chr1	sibling_only	loh	13	2	RA	7	AR	5	82	0	0.848	0.2635	0	0	0	0
chr1:99386148-99403848	chr1	sibling_only	loh	20	2	RA	11	AR	7	191	0	0.847	1.0	0	0	0	0
chr1:100401752-100402243	chr1	sibling_only	loh	69	2	RA	36	AR	32	403	0	0.964	0.396	0	0	0	0
chr1:100622657-100643833	chr1	sibling_only	loh	9	3	RA	3	RR	3	0	0	0.0	1.0	0	0	0	0
chr1:102554120-102564177	chr1	sibling_only	loh	27	2	AR	16	RA	11	243	0	0.94	0.4317	0	0	0	0
chr1:103149490-103163747	chr1	sibling_only	loh	15	2	RA	8	AR	7	151	0	0.933	0.6163	0	0	0	0
chr1:104007186-104027802	chr1	linear_nested	loh	12	2	RR	6	AA	5	0	0	0.0	1.0	0	0	0	0
chr1:105887475-105903120	chr1	sibling_only	loh	22	2	AR	15	RA	6	137	0	0.937	0.8882	0	0	0	0
chr1:106002287-106026213	chr1	sibling_only	loh	6	2	RR	3	RA	3	0	0	0.0	1.0	0	0	0	0
chr1:107263744-107284188	chr1	linear_nested	loh	15	2	RR	10	AA	4	1	0	0.576	0.4421	0	0	0	0
chr1:109062066-109079886	chr1	sibling_only	loh	13	2	RA	8	AR	5	540	0	0.972	1.0	0	0	0	0
chr1:111380161-111386414	chr1	linear_nested	loh	32	2	AA	17	RR	14	355	0	0.978	0.0853	0	0	0	0
chr1:115509841-115517405	chr1	sibling_only	loh	22	2	RA	12	AR	9	216	0	0.93	0.6873	0	0	0	0
chr1:115776450-115777636	chr1	sibling_only	loh	51	3	AR	28	RA	19	408	14	0.97	0.0461	1	0	0	0
chr2:10954375-10975834	chr2	sibling_only	loh	10	2	RR	5	AR	4	308	0	0.986	0.9477	0	0	0	0
chr2:11489170-11494139	chr2	sibling_only	loh	20	2	RR	9	RA	8	367	0	0.969	0.6638	0	0	0	0
chr2:11746423-11765156	chr2	sibling_only	loh	11	2	RR	8	RA	3	2	0	0.557	0.153	0	0	0	0
chr2:18537199-18540517	chr2	linear_nested	loh	51	3	RR	26	AR	15	285	0	0.931	0.7383	0	0	0	0
chr2:19798683-19809889	chr2	linear_nested	loh	19	2	AR	10	AA	8	376	0	0.95	1.0	0	0	0	0
chr2:19975005-19975745	chr2	linear_nested	loh	54	2	RR	33	AA	20	353	0	0.616	0.3035	0	0	0	0
chr2:20390709-20396930	chr2	linear_nested	loh	26	2	RA	16	AA	10	488	0	0.985	0.3939	0	0	0	0
chr2:20723482-20732512	chr2	sibling_only	loh	22	2	RA	11	AR	11	133	0	0.985	0.6906	0	0	0	0
chr2:21898626-21921212	chr2	linear_nested	loh	11	2	AA	5	AR	5	107	0	0.961	0.5095	0	0	0	0
chr2:22075248-22088811	chr2	linear_nested	loh	13	2	RR	7	AA	5	67	0	0.984	0.1498	0	0	0	0
chr2:22211556-22219752	chr2	linear_nested	loh	23	2	RR	15	AA	6	96	0	0.971	0.1888	0	0	0	0
chr2:23060438-23070842	chr2	sibling_only	loh	18	2	RA	9	AR	8	197	0	0.981	0.295	0	0	0	0
chr2:25211215-25233971	chr2	sibling_only	loh	8	2	RA	4	AR	3	0	0	0.0	1.0	0	0	0	0
chr2:25710699-25726034	chr2	sibling_only	loh	20	2	RR	15	RA	5	319	0	0.974	0.4032	0	0	0	0
chr2:25783210-25814115	chr2	linear_nested	loh	7	2	RA	3	AA	3	0	0	0.0	1.0	0	0	0	0
chr2:27157868-27159603	chr2	sibling_only	loh	74	3	RA	26	RR	25	1070	1	0.99	0.024	1	0	0	0
chr2:28148493-28163191	chr2	sibling_only	loh	23	2	RA	12	AR	11	382	0	0.796	1.0	0	0	0	0
chr2:34997368-34999568	chr2	linear_nested	loh	49	2	RA	40	AA	8	115	0	0.629	0.5683	0	0	0	0
chr2:40386533-40392699	chr2	linear_nested	loh	24	2	RA	19	AA	4	65	0	0.555	0.4917	0	0	0	0
chr2:41192940-41217493	chr2	linear_nested	loh	9	2	AR	6	AA	3	0	0	0.0	1.0	0	0	0	0
chr2:41825915-41832128	chr2	sibling_only	loh	20	2	RA	17	AR	3	0	0	0.0	1.0	0	0	0	0
chr2:44145415-44146489	chr2	linear_nested	loh	36	2	RR	20	AA	15	444	0	0.962	0.7064	0	0	0	0
chr2:64298534-64328095	chr2	linear_nested	loh	9	2	RA	6	AA	3	0	0	0.0	1.0	0	0	0	0
chr2:66345722-66372449	chr2	linear_nested	loh	7	2	AR	4	AA	3	0	0	0.0	1.0	0	0	0	0
chr2:66830171-66832980	chr2	linear_nested	loh	38	2	AA	22	RA	16	398	0	0.761	0.9517	0	0	0	0
chr2:67594793-67610243	chr2	linear_nested	loh	14	2	RA	8	AA	6	103	0	0.97	0.6639	0	0	0	0
chr2:71968019-71977091	chr2	linear_nested	loh	36	2	AR	21	AA	15	319	0	0.983	0.0615	0	0	0	0
chr2:74092356-74092536	chr2	linear_nested	loh	55	2	AR	32	AA	23	899	0	0.877	0.9937	0	0	0	0
chr2:74968342-74969235	chr2	sibling_only	loh	65	3	RA	36	AR	16	609	0	0.943	0.2315	0	0	0	0
chr2:77728172-77747605	chr2	linear_nested	loh	11	2	AR	7	AA	3	0	0	0.0	1.0	0	0	0	0
chr2:79449096-79472404	chr2	sibling_only	loh	10	2	AR	5	RA	4	0	0	0.0	1.0	0	0	0	0
chr2:81877510-81881312	chr2	sibling_only	loh	34	2	AR	18	RA	16	296	0	0.979	0.3737	0	0	0	0
chr2:83042762-83068238	chr2	linear_nested	loh	9	2	AA	5	AR	4	201	0	0.983	0.3792	0	0	0	0
chr2:119076378-119088426	chr2	linear_nested	loh	20	2	AA	10	RR	8	291	0	0.978	0.6003	0	0	0	0
chr2:120305664-120308260	chr2	linear_nested	loh	35	2	RA	22	AA	13	676	0	0.942	0.5863	0	0	0	0
chr2:122591059-122604187	chr2	linear_nested	loh	23	2	AA	14	AR	9	235	0	0.924	1.0	0	0	0	0
chr2:125379636-125401274	chr2	sibling_only	loh	8	2	RA	4	RR	4	0	0	0.0	1.0	0	0	0	0
chr2:126988728-127009191	chr2	linear_nested	loh	11	2	AA	6	RA	5	231	0	0.967	0.4705	0	0	0	0
chr2:131629605-131637193	chr2	linear_nested	loh	36	2	AA	18	AR	16	721	0	0.99	0.056	0	0	0	0
chr2:132606760-132609175	chr2	linear_nested	loh	46	2	AA	25	RA	21	506	0	0.979	0.6749	0	0	0	0
chr2:136648247-136658749	chr2	linear_nested	loh	24	2	RA	13	AA	11	208	0	0.98	0.1775	0	0	0	0
chr2:137328445-137343323	chr2	linear_nested	loh	17	2	AA	10	AR	7	193	0	0.901	0.8773	0	0	0	0
chr2:141461253-141469161	chr2	linear_nested	loh	20	2	AA	11	AR	8	141	0	0.954	0.5651	0	0	0	0
chr2:199383884-199402599	chr2	linear_nested	neutral	17	3	RR	7	AA	6	128	0	0.984	0.398	0	0	0	0
chr2:201435942-201456496	chr2	linear_nested	neutral	10	2	AA	5	RR	3	0	0	0.0	1.0	0	0	0	0
chr2:207617973-207622782	chr2	sibling_only	neutral	60	3	RR	29	AR	21	1179	0	0.989	0.3	0	0	0	0
chr2:213311599-213332211	chr2	linear_nested	neutral	8	2	AA	4	RR	3	0	0	0.0	1.0	0	0	0	0
chr2:214960978-214976226	chr2	linear_nested	neutral	21	2	RR	13	AA	7	259	0	0.97	0.7844	0	0	0	0
chr2:216198634-216203776	chr2	sibling_only	neutral	45	3	AR	18	RA	16	359	0	0.648	0.7682	0	0	0	0
chr2:216540437-216542208	chr2	linear_nested	neutral	64	3	RR	25	AA	20	531	0	0.971	0.5779	0	0	0	0
chr2:216708335-216725849	chr2	linear_nested	neutral	16	2	RR	10	AA	5	274	0	0.761	0.8886	0	0	0	0
chr2:221508188-221513630	chr2	linear_nested	neutral	42	3	RR	19	RA	13	265	0	0.908	1.0	0	0	0	0
chr3:57899167-57899171	chr3	linear_nested	loh	80	2	RR	62	AA	17	325	0	0.869	1.0	0	0	0	0
chr3:64040321-64044905	chr3	linear_nested	loh	29	2	AR	17	AA	11	355	0	0.953	0.9954	0	0	0	0
chr3:69912054-69912072	chr3	linear_nested	loh	44	2	AA	38	RR	5	5	0	0.563	0.2589	0	0	0	0
chr3:73294928-73301998	chr3	linear_nested	loh	24	2	RA	15	AA	9	356	0	0.991	0.274	0	0	0	0
chr3:96125083-96150033	chr3	linear_nested	loh	8	2	RA	5	AA	3	0	0	0.0	1.0	0	0	0	0
chr3:101074316-101097240	chr3	linear_nested	loh	11	2	AA	6	AR	5	113	0	0.454	1.0	0	0	0	0
chr3:103492614-103510219	chr3	linear_nested	loh	11	2	AA	8	AR	3	99	0	0.979	0.7071	0	0	0	0
chr3:107472671-107481836	chr3	linear_nested	loh	27	3	AA	19	RR	4	134	0	0.967	0.2293	0	0	0	0
chr3:109165172-109184626	chr3	linear_nested	loh	14	2	RA	9	AA	5	278	0	0.973	0.4516	0	0	0	0
chr3:109471814-109475185	chr3	linear_nested	loh	32	2	AR	18	AA	13	254	0	0.984	0.2233	0	0	0	0
chr3:110696080-110710276	chr3	linear_nested	loh	19	2	AA	10	AR	9	133	0	0.97	0.9664	0	0	0	0
chr3:112150091-112156147	chr3	linear_nested	loh	29	2	RA	21	AA	8	130	0	0.959	0.2299	0	0	0	0
chr3:117993717-118010892	chr3	linear_nested	loh	12	2	RR	7	AA	4	121	0	0.969	0.3329	0	0	0	0
chr3:125828766-125834818	chr3	sibling_only	loh	31	2	RA	17	AR	14	607	0	0.979	0.2783	0	0	0	0
chr3:128944040-128967818	chr3	sibling_only	loh	13	2	RR	9	RA	3	0	0	0.0	1.0	0	0	0	0
chr3:129561740-129587014	chr3	sibling_only	loh	12	2	RR	6	RA	5	2	0	0.188	0.2	0	0	0	0
chr3:194538060-194552948	chr3	linear_nested	loh	24	2	AA	13	AR	10	478	0	0.776	0.4626	0	0	0	0
chr3:194821159-194852424	chr3	linear_nested	loh	10	2	AR	5	AA	4	0	0	0.0	1.0	0	0	0	0
chr3:197035423-197049240	chr3	linear_nested	loh	15	2	AA	8	RA	6	348	0	0.984	1.0	0	0	0	0
chr4:137686-139136	chr4	sibling_only	neutral	44	2	RA	39	RR	3	0	0	0.0	1.0	0	0	0	0
chr4:436127-442068	chr4	sibling_only	neutral	36	3	AR	15	RA	15	441	0	0.981	0.1524	0	0	0	0
chr4:1573231-1591236	chr4	sibling_only	loh	14	2	RA	7	RR	6	582	0	0.98	0.8407	0	0	0	0
chr4:4375851-4376925	chr4	linear_nested	loh	57	2	RR	51	AA	4	0	0	0.0	1.0	0	0	0	0
chr4:4492684-4497417	chr4	linear_nested	loh	30	3	AR	15	AA	12	289	0	0.856	0.9427	0	0	0	0
chr4:6586581-6592568	chr4	sibling_only	loh	24	2	RR	15	AR	9	622	0	0.979	0.5653	0	0	0	0
chr4:7512449-7528810	chr4	sibling_only	loh	13	2	RA	8	AR	4	1	0	0.421	0.3929	0	0	0	0
chr4:138076468-138095290	chr4	linear_nested	loh	12	2	RA	8	AA	3	0	0	0.0	1.0	0	0	0	0
chr4:140560981-140576635	chr4	linear_nested	loh	17	2	AA	12	AR	5	216	0	0.97	0.57	0	0	0	0
chr4:141126654-141143584	chr4	sibling_only	loh	10	2	RR	7	RA	3	1	0	0.05	0.5066	0	0	0	0
chr4:146316714-146331512	chr4	linear_nested	loh	12	2	AA	7	RA	4	55	0	0.618	1.0	0	0	0	0
chr4:148648480-148659248	chr4	linear_nested	loh	14	2	AA	10	RA	3	0	0	0.0	1.0	0	0	0	0
chr4:158569527-158579364	chr4	sibling_only	loh	14	2	RR	7	RA	7	184	0	0.963	0.9153	0	0	0	0
chr4:158996394-158997249	chr4	linear_nested	loh	39	2	RR	34	AA	4	72	0	0.967	0.2635	0	0	0	0
chr4:162016119-162016164	chr4	linear_nested	loh	42	3	AA	36	RR	3	0	0	0.0	1.0	0	0	0	0
chr4:162197743-162211216	chr4	linear_nested	loh	10	2	AA	6	AR	4	0	0	0.0	1.0	0	0	0	0
chr4:163628077-163642286	chr4	sibling_only	loh	12	2	AR	7	RR	4	97	0	0.975	0.5783	0	0	0	0
chr4:165508050-165513456	chr4	linear_nested	loh	24	2	AR	18	AA	6	196	0	0.572	0.8869	0	0	0	0
chr4:166360172-166377966	chr4	sibling_only	loh	14	2	AR	9	RR	4	63	0	0.979	0.3482	0	0	0	0
chr4:167248247-167258940	chr4	linear_nested	loh	14	2	RA	7	AA	5	85	0	0.967	0.3736	0	0	0	0
chr4:167655942-167659486	chr4	sibling_only	loh	41	2	AR	22	RA	16	212	9	0.988	0.0063	1	0	0	0
chr4:168604773-168615763	chr4	sibling_only	loh	14	2	RR	9	RA	3	100	0	0.709	0.7417	0	0	0	0
chr4:170829685-170834344	chr4	linear_nested	loh	43	2	AR	21	AA	20	270	3	0.982	0.0184	1	0	0	0
chr4:174418570-174443584	chr4	linear_nested	loh	7	2	RA	4	AA	3	0	0	0.0	1.0	0	0	0	0
chr4:174611590-174612498	chr4	sibling_only	loh	50	3	AR	32	RR	15	316	0	0.958	0.5951	0	0	0	0
chr4:176565327-176576527	chr4	linear_nested	loh	15	2	AA	7	AR	7	168	0	0.975	0.5746	0	0	0	0
chr4:185471145-185471147	chr4	linear_nested	loh	59	2	RR	49	AA	9	508	0	0.832	0.8796	0	0	0	0
chr5:54142642-54148960	chr5	sibling_only	loh	36	2	AR	18	RR	16	330	0	0.986	0.4291	0	0	0	0
chr5:54322492-54339070	chr5	sibling_only	loh	11	2	RA	6	RR	5	91	0	0.974	0.6126	0	0	0	0
chr5:58141764-58149434	chr5	linear_nested	loh	38	2	AA	20	AR	17	346	0	0.789	0.8137	0	0	0	0
chr5:61275448-61297054	chr5	sibling_only	loh	10	2	RA	5	AR	5	1	0	0.346	0.7	0	0	0	0
chr5:61730798-61740675	chr5	sibling_only	loh	24	2	AR	12	RA	10	345	0	0.95	0.3275	0	0	0	0
chr5:65304843-65317878	chr5	linear_nested	loh	15	2	RA	11	AA	3	0	0	0.0	1.0	0	0	0	0
chr5:67839121-67839638	chr5	linear_nested	loh	59	2	AR	41	AA	17	112	0	0.308	0.885	0	0	0	0
chr5:68001406-68005260	chr5	linear_nested	loh	45	2	AR	41	AA	3	0	0	0.0	1.0	0	0	0	0
chr5:68756926-68756955	chr5	linear_nested	loh	47	2	AA	43	AR	3	0	0	0.0	1.0	0	0	0	0
chr5:71469724-71470074	chr5	linear_nested	loh	51	2	AR	42	AA	7	312	0	0.467	1.0	0	0	0	0
chr5:74978122-74978123	chr5	linear_nested	loh	53	2	AA	46	RR	5	95	0	0.63	0.3475	0	0	0	0
chr5:75029008-75033677	chr5	sibling_only	loh	22	2	RA	15	RR	6	71	0	0.583	1.0	0	0	0	0
chr5:81022580-81045287	chr5	sibling_only	loh	9	2	AR	5	RR	3	0	0	0.0	1.0	0	0	0	0
chr5:83511229-83511230	chr5	linear_nested	loh	54	2	RR	29	AA	23	400	0	0.854	0.8748	0	0	0	0
chr5:83919584-83944390	chr5	linear_nested	loh	10	2	AA	6	AR	4	72	0	0.958	0.9629	0	0	0	0
chr5:87830078-87831563	chr5	linear_nested	loh	60	3	AR	33	AA	23	289	5	0.966	0.0357	1	0	0	0
chr5:88350542-88351330	chr5	linear_nested	loh	46	2	AR	29	AA	16	251	0	0.965	0.0891	0	0	0	0
chr5:89649339-89655991	chr5	linear_nested	loh	31	2	AA	16	RA	14	225	0	0.784	0.4341	0	0	0	0
chr5:90234134-90239693	chr5	linear_nested	loh	39	2	RA	19	AA	19	296	0	0.792	0.6147	0	0	0	0
chr5:95434531-95438094	chr5	linear_nested	loh	37	2	RA	20	AA	15	276	0	0.98	0.5582	0	0	0	0
chr5:96538609-96540183	chr5	linear_nested	loh	48	2	AA	33	AR	14	465	0	0.944	0.6674	0	0	0	0
chr5:99288426-99292130	chr5	linear_nested	loh	46	2	RA	25	AA	20	308	1	0.965	0.0145	1	0	0	0
chr5:102020593-102036323	chr5	linear_nested	loh	12	2	AR	7	AA	5	54	0	0.979	0.3838	0	0	0	0
chr5:102090218-102090219	chr5	linear_nested	loh	51	2	RR	29	AA	21	259	0	0.957	0.11	0	0	0	0
chr5:104101438-104111871	chr5	linear_nested	loh	18	2	AA	11	AR	6	118	0	0.897	0.735	0	0	0	0
chr5:104389322-104389375	chr5	sibling_only	loh	44	2	RA	39	AR	4	0	0	0.0	1.0	0	0	0	0
chr5:105074726-105080999	chr5	linear_nested	loh	34	2	AR	18	AA	16	262	0	0.961	0.9041	0	0	0	0
chr5:105153577-105155943	chr5	linear_nested	loh	41	2	AA	25	RR	15	312	0	0.767	0.5914	0	0	0	0
chr5:106536814-106557886	chr5	linear_nested	loh	10	2	AR	7	AA	3	0	0	0.0	1.0	0	0	0	0
chr5:112134505-112142931	chr5	sibling_only	loh	30	2	RA	18	AR	10	228	0	0.984	0.5533	0	0	0	0
chr5:113137184-113156896	chr5	linear_nested	loh	13	2	RA	8	AA	5	0	0	0.0	1.0	0	0	0	0
chr5:114632116-114646617	chr5	sibling_only	loh	22	3	RA	11	AR	6	158	0	0.982	0.75	0	0	0	0
chr5:115536069-115549090	chr5	linear_nested	loh	18	2	AA	12	RA	5	168	0	0.829	0.7439	0	0	0	0
chr5:115787162-115797923	chr5	linear_nested	loh	31	2	AA	15	RA	14	291	0	0.975	0.1823	0	0	0	0
chr5:116101979-116102763	chr5	linear_nested	loh	39	2	RR	34	AA	4	0	0	0.0	1.0	0	0	0	0
chr5:119123804-119136536	chr5	sibling_only	loh	16	2	AR	8	RA	8	148	0	0.325	1.0	0	0	0	0
chr5:119531597-119555082	chr5	sibling_only	loh	12	2	RR	7	RA	4	151	0	0.976	0.8754	0	0	0	0
chr5:121858284-121870939	chr5	sibling_only	loh	22	3	RR	10	RA	9	262	0	0.791	0.868	0	0	0	0
chr5:122192659-122204608	chr5	linear_nested	loh	15	2	AR	9	AA	6	157	0	0.986	0.6899	0	0	0	0
chr5:124889702-124910960	chr5	linear_nested	loh	9	2	AA	6	AR	3	240	0	0.984	1.0	0	0	0	0
chr5:125051879-125078092	chr5	linear_nested	loh	9	2	AA	5	RA	4	183	0	0.733	0.8319	0	0	0	0
chr5:131805021-131823262	chr5	linear_nested	loh	16	2	AA	8	AR	8	379	0	0.97	0.9024	0	0	0	0
chr5:133242838-133259575	chr5	sibling_only	loh	13	2	AR	7	RA	6	197	0	0.965	0.53	0	0	0	0
chr5:133900666-133920288	chr5	sibling_only	loh	9	2	AR	5	RR	4	0	0	0.0	1.0	0	0	0	0
chr5:138402289-138421367	chr5	linear_nested	loh	12	2	AA	7	AR	5	308	0	0.613	0.4515	0	0	0	0
chr5:156360505-156363216	chr5	sibling_only	loh	66	3	AR	23	RA	23	345	6	0.975	0.0413	1	0	0	0
chr5:159736550-159748702	chr5	linear_nested	loh	42	2	AA	25	RR	16	476	0	0.686	0.2396	0	0	0	0
chr5:160193805-160199483	chr5	linear_nested	loh	43	2	RR	29	AA	13	935	0	0.898	0.0677	0	0	0	0
chr5:160354994-160364417	chr5	sibling_only	loh	36	3	RA	20	AR	12	968	0	0.962	0.7878	0	0	0	0
chr5:160736116-160751951	chr5	sibling_only	loh	15	3	RR	7	AR	5	0	0	0.0	1.0	0	0	0	0
chr5:160932863-160952474	chr5	sibling_only	loh	17	2	AR	8	RA	8	217	0	0.946	0.3131	0	0	0	0
chr5:161193846-161207753	chr5	linear_nested	loh	32	2	AA	20	RR	11	309	0	0.978	0.1017	0	0	0	0
chr5:162604952-162612474	chr5	linear_nested	loh	36	2	RA	26	AA	9	141	0	0.889	0.2981	0	0	0	0
chr5:163367491-163391658	chr5	sibling_only	loh	9	2	RR	4	RA	3	0	0	0.0	1.0	0	0	0	0
chr5:164690651-164700128	chr5	sibling_only	loh	25	3	RR	9	AR	8	112	0	0.952	0.2956	0	0	0	0
chr5:168538994-168547578	chr5	sibling_only	loh	41	2	RA	32	AR	8	509	0	0.949	0.5493	0	0	0	0
chr5:172813089-172825155	chr5	linear_nested	loh	36	2	RR	20	AA	15	1047	0	0.976	0.3777	0	0	0	0
chr5:173280082-173296936	chr5	linear_nested	loh	16	3	AA	6	RA	6	353	0	0.978	0.9315	0	0	0	0
chr5:173487654-173489918	chr5	sibling_only	loh	64	3	RA	24	RR	21	513	0	0.973	0.0978	0	0	0	0
chr5:174146452-174163124	chr5	linear_nested	loh	20	2	RA	14	AA	5	150	0	0.899	0.5864	0	0	0	0
chr5:174582648-174589674	chr5	sibling_only	loh	30	3	RA	15	AR	8	348	0	0.961	0.6021	0	0	0	0
chr5:175820243-175838837	chr5	sibling_only	loh	19	2	RR	10	RA	7	619	0	0.964	0.4814	0	0	0	0
chr5:176844944-176849796	chr5	linear_nested	loh	44	2	AA	33	RR	10	944	0	0.966	0.2178	0	0	0	0
chr5:177566617-177583396	chr5	sibling_only	loh	24	2	RA	17	AR	6	500	0	0.973	0.2787	0	0	0	0
chr5:178156914-178180434	chr5	sibling_only	loh	8	2	AR	4	RA	3	455	0	0.975	0.6894	0	0	0	0
chr5:178650247-178673985	chr5	sibling_only	loh	11	2	RR	7	AR	3	0	0	0.0	1.0	0	0	0	0
chr5:179820845-179821847	chr5	sibling_only	loh	73	3	RR	25	RA	24	1701	0	0.944	0.743	0	0	0	0
chr5:181141570-181148146	chr5	sibling_only	loh	39	3	RR	16	RA	13	704	0	0.98	0.2968	0	0	0	0
chr6:64213057-64225139	chr6	linear_nested	neutral	17	2	RR	10	AA	6	82	0	0.98	0.2141	0	0	0	0
chr6:66616171-66641233	chr6	sibling_only	neutral	8	2	RR	4	RA	3	119	0	0.984	0.4103	0	0	0	0
chr6:98540124-98548127	chr6	sibling_only	loh	33	3	RA	15	AR	10	165	0	0.972	0.1181	0	0	0	0
chr6:106112590-106127363	chr6	linear_nested	loh	25	2	RA	16	AA	8	608	0	0.962	0.7553	0	0	0	0
chr6:110537967-110547635	chr6	sibling_only	loh	54	3	RR	22	RA	16	414	0	0.928	0.4197	0	0	0	0
chr6:110664010-110671803	chr6	linear_nested	loh	40	2	RA	34	AA	6	86	0	0.275	0.7251	0	0	0	0
chr6:112448922-112453616	chr6	linear_nested	loh	50	2	RA	43	AA	6	91	0	0.721	0.7563	0	0	0	0
chr6:112825894-112839871	chr6	sibling_only	loh	30	3	AR	11	RR	10	218	0	0.795	1.0	0	0	0	0
chr6:113024475-113031430	chr6	linear_nested	loh	32	2	RA	23	AA	9	104	0	0.525	0.7259	0	0	0	0
chr6:113656066-113656484	chr6	linear_nested	loh	67	3	RA	45	AA	18	423	0	0.892	0.2539	0	0	0	0
chr6:114251352-114279531	chr6	linear_nested	loh	9	2	AR	4	AA	3	0	0	0.0	1.0	0	0	0	0
chr6:165516686-165522573	chr6	sibling_only	loh	21	2	AR	12	RA	8	202	0	0.824	0.8407	0	0	0	0
chr7:21248382-21272721	chr7	sibling_only	loh	8	2	RA	5	AR	3	0	0	0.0	1.0	0	0	0	0
chr7:22583038-22586017	chr7	linear_nested	loh	43	3	AA	22	RA	17	378	0	0.976	0.3489	0	0	0	0
chr8:1337508-1338808	chr8	sibling_only	loh	51	2	RR	42	RA	8	394	0	0.767	0.6979	0	0	0	0
chr8:1517909-1541908	chr8	linear_nested	loh	10	2	AA	6	RA	3	0	0	0.0	1.0	0	0	0	0
chr8:3631242-3643201	chr8	sibling_only	loh	15	2	RR	12	RA	3	0	0	0.0	1.0	0	0	0	0
chr8:4847314-4852623	chr8	linear_nested	loh	28	2	AA	15	AR	12	455	0	0.985	0.1836	0	0	0	0
chr8:5123470-5123472	chr8	linear_nested	loh	50	2	RR	40	AA	10	286	0	0.781	0.2628	0	0	0	0
chr8:5274663-5296404	chr8	linear_nested	loh	9	2	AA	5	AR	3	0	0	0.0	1.0	0	0	0	0
chr8:6226483-6226905	chr8	linear_nested	loh	54	3	RR	29	AA	19	582	10	0.966	0.0167	1	0	0	0
chr8:11043222-11043526	chr8	linear_nested	loh	42	2	RA	28	AA	13	529	0	0.723	0.9532	0	0	0	0
chr8:13374094-13383810	chr8	linear_nested	loh	19	2	AA	9	AR	9	418	0	0.959	0.9952	0	0	0	0
chr8:14788337-14790950	chr8	linear_nested	loh	36	2	AR	25	AA	9	221	0	0.955	0.6244	0	0	0	0
chr8:17624281-17641183	chr8	linear_nested	loh	11	2	AR	7	AA	4	189	0	0.976	0.84	0	0	0	0
chr8:17729196-17741357	chr8	linear_nested	loh	16	2	AA	10	RA	4	177	0	0.859	1.0	0	0	0	0
chr8:18475254-18476378	chr8	sibling_only	loh	54	3	RA	29	AR	20	518	15	0.977	0.0181	1	0	0	0
chr8:21223781-21229698	chr8	linear_nested	loh	25	2	AA	16	RR	8	289	0	0.943	0.5748	0	0	0	0
chr8:26682509-26683264	chr8	linear_nested	loh	46	2	AR	28	AA	18	486	0	0.967	0.0826	0	0	0	0
chr8:29829811-29851209	chr8	linear_nested	loh	15	2	AA	11	AR	3	0	0	0.0	1.0	0	0	0	0
chr8:31635092-31653861	chr8	sibling_only	loh	11	2	RA	8	AR	3	0	0	0.0	1.0	0	0	0	0
chr8:32391104-32397575	chr8	linear_nested	loh	33	2	RA	20	AA	11	284	0	0.96	0.3664	0	0	0	0
chr8:40628597-40648496	chr8	linear_nested	loh	12	2	RA	9	AA	3	0	0	0.0	1.0	0	0	0	0
chr8:41611677-41631790	chr8	sibling_only	loh	10	2	RR	7	AR	3	0	0	0.0	1.0	0	0	0	0
chr8:42229577-42245356	chr8	linear_nested	loh	11	2	AA	6	AR	5	167	0	0.946	0.9907	0	0	0	0
chr8:56112005-56125555	chr8	linear_nested	loh	21	3	RR	11	AA	6	493	0	0.99	0.549	0	0	0	0
chr8:56192765-56200061	chr8	linear_nested	loh	43	2	RR	30	AA	12	648	0	0.86	0.3955	0	0	0	0
chr8:56629236-56644762	chr8	sibling_only	loh	20	3	RR	8	RA	8	185	0	0.818	0.7286	0	0	0	0
chr8:59310456-59326334	chr8	sibling_only	loh	15	3	RR	5	RA	5	0	0	0.0	1.0	0	0	0	0
chr8:63236833-63246740	chr8	linear_nested	loh	34	3	RR	12	RA	12	284	0	0.975	0.4628	0	0	0	0
chr8:89306858-89330223	chr8	linear_nested	loh	16	2	AR	9	AA	7	128	0	0.556	1.0	0	0	0	0
chr8:92377994-92379554	chr8	sibling_only	loh	80	3	RR	44	AR	29	722	5	0.975	0.0001	1	0	0	0
chr8:94620688-94627688	chr8	sibling_only	loh	46	3	RR	19	AR	16	840	0	0.931	0.8227	0	0	0	0
chr8:98951689-98974216	chr8	sibling_only	loh	9	2	RR	6	AR	3	0	0	0.0	1.0	0	0	0	0
chr8:100198593-100215194	chr8	sibling_only	loh	12	3	RR	6	RA	3	0	0	0.0	1.0	0	0	0	0
chr8:101027250-101037148	chr8	sibling_only	loh	42	3	RR	18	RA	12	554	0	0.964	1.0	0	0	0	0
chr9:15575399-15585629	chr9	sibling_only	loh	23	2	RR	13	RA	8	324	0	0.944	1.0	0	0	0	0
chr9:19820131-19832591	chr9	sibling_only	loh	27	2	RA	16	AR	10	333	0	0.954	0.3384	0	0	0	0
chr9:20150471-20154913	chr9	sibling_only	loh	30	2	RA	16	AR	13	320	0	0.965	0.373	0	0	0	0
chr9:20396185-20405605	chr9	linear_nested	loh	20	2	RA	11	AA	9	169	0	0.957	0.593	0	0	0	0
chr9:24356336-24377761	chr9	linear_nested	loh	11	2	RA	6	AA	5	131	0	0.982	0.6265	0	0	0	0
chr9:26744813-26760297	chr9	linear_nested	loh	11	2	AA	6	AR	5	82	0	0.888	0.6972	0	0	0	0
chr9:28467775-28481137	chr9	linear_nested	loh	19	2	AR	11	AA	8	241	0	0.95	1.0	0	0	0	0
chr9:29386359-29398141	chr9	sibling_only	loh	29	2	RR	19	AR	9	294	0	0.893	0.6499	0	0	0	0
chr9:35495284-35512912	chr9	sibling_only	loh	11	2	RA	7	RR	4	190	0	0.914	1.0	0	0	0	0
chr9:36801939-36807140	chr9	sibling_only	loh	33	3	RA	16	AR	14	403	0	0.981	0.5373	0	0	0	0
chr9:114492283-114510082	chr9	linear_nested	loh	18	2	AR	14	AA	4	1	0	0.02	0.8528	0	0	0	0
chr9:118471674-118480901	chr9	linear_nested	loh	25	2	AA	13	AR	11	250	0	0.844	0.5952	0	0	0	0
chr9:120372986-120372993	chr9	linear_nested	loh	60	2	RR	52	AA	7	225	0	0.485	0.8036	0	0	0	0
chr9:124153717-124163156	chr9	linear_nested	loh	32	2	AA	18	AR	13	628	0	0.948	0.1316	0	0	0	0
chr9:128009808-128026805	chr9	sibling_only	loh	17	2	RR	10	AR	7	350	0	0.929	1.0	0	0	0	0
chr10:3528212-3533305	chr10	linear_nested	loh	31	2	AR	16	AA	14	648	0	0.873	1.0	0	0	0	0
chr10:6216956-6227914	chr10	linear_nested	loh	24	2	AA	13	AR	10	1122	0	0.957	0.8841	0	0	0	0
chr10:10555424-10564761	chr10	linear_nested	loh	14	2	AR	7	AA	6	132	0	0.97	0.419	0	0	0	0
chr10:13005082-13027428	chr10	linear_nested	loh	16	2	RA	12	AA	3	0	0	0.0	1.0	0	0	0	0
chr10:15607106-15613056	chr10	sibling_only	loh	40	2	RA	20	AR	19	570	0	0.98	0.1195	0	0	0	0
chr10:19017296-19033680	chr10	linear_nested	loh	11	2	RA	7	AA	4	0	0	0.0	1.0	0	0	0	0
chr10:21636003-21647579	chr10	sibling_only	loh	27	2	RA	16	AR	9	355	0	0.95	0.9512	0	0	0	0
chr10:26983769-26992507	chr10	linear_nested	loh	29	3	AR	21	AA	5	109	0	0.596	1.0	0	0	0	0
chr10:28910188-28917865	chr10	linear_nested	loh	27	2	AA	13	AR	13	487	0	0.926	0.9799	0	0	0	0
chr10:31532875-31536696	chr10	linear_nested	loh	38	2	RR	20	AA	17	426	0	0.971	0.1044	0	0	0	0
chr10:65226050-65231844	chr10	linear_nested	loh	21	2	AA	11	RR	9	221	0	0.863	1.0	0	0	0	0
chr10:69191920-69191921	chr10	linear_nested	loh	64	2	AA	33	RR	30	874	0	0.898	0.8861	0	0	0	0
chr10:69308253-69327127	chr10	linear_nested	loh	9	2	RA	5	AA	4	343	0	0.762	0.8469	0	0	0	0
chr10:74454002-74473217	chr10	sibling_only	loh	19	2	RR	10	AR	7	232	0	0.643	0.9045	0	0	0	0
chr10:75335062-75344238	chr10	linear_nested	loh	26	3	AR	12	AA	11	573	0	0.971	0.6549	0	0	0	0
chr10:75992384-76001460	chr10	linear_nested	loh	26	2	AR	14	AA	12	492	0	0.974	0.3462	0	0	0	0
chr10:78535805-78536184	chr10	sibling_only	loh	53	3	RR	28	AR	22	519	0	0.968	0.2832	0	0	0	0
chr10:78930065-78932874	chr10	linear_nested	loh	47	2	RA	30	AA	16	574	0	0.845	0.1728	0	0	0	0
chr10:80651138-80658308	chr10	linear_nested	loh	26	2	AR	18	AA	8	205	0	0.959	0.6245	0	0	0	0
chr10:88989478-88994803	chr10	linear_nested	loh	31	2	RA	18	AA	12	437	0	0.976	0.154	0	0	0	0
chr10:89623610-89635145	chr10	linear_nested	loh	21	2	AR	17	AA	3	0	0	0.0	1.0	0	0	0	0
chr10:92538780-92549895	chr10	sibling_only	loh	25	3	RR	14	RA	7	272	0	0.885	0.4716	0	0	0	0
chr10:94078889-94084464	chr10	linear_nested	loh	30	2	RA	14	AA	14	236	0	0.976	0.4235	0	0	0	0
chr10:94482092-94504260	chr10	linear_nested	loh	12	2	AA	8	AR	3	151	0	0.544	1.0	0	0	0	0
chr10:96337120-96353123	chr10	linear_nested	loh	12	2	AR	8	AA	3	0	0	0.0	1.0	0	0	0	0
chr10:99484522-99484523	chr10	linear_nested	loh	47	2	RR	25	AA	21	487	10	0.973	0.0474	1	0	0	0
chr10:99967582-99967609	chr10	linear_nested	loh	53	2	AA	50	RA	3	46	0	0.344	0.9921	0	0	0	0
chr10:102021876-102022152	chr10	linear_nested	loh	67	2	AA	61	RA	5	173	0	0.566	0.7592	0	0	0	0
chr10:104197252-104212454	chr10	linear_nested	loh	20	2	AR	10	AA	10	436	0	0.961	0.7642	0	0	0	0
chr10:107659640-107674121	chr10	linear_nested	loh	16	2	RA	9	AA	7	116	0	0.829	0.3523	0	0	0	0
chr10:108439944-108471050	chr10	linear_nested	loh	6	2	AA	3	RA	3	0	0	0.0	1.0	0	0	0	0
chr10:109474486-109489719	chr10	linear_nested	loh	8	2	AR	5	AA	3	30	0	0.625	1.0	0	0	0	0
chr10:115856570-115862347	chr10	sibling_only	loh	31	2	RA	16	AR	13	334	0	0.986	0.2456	0	0	0	0
chr10:131608446-131610674	chr10	sibling_only	loh	69	3	RA	50	AR	10	728	0	0.984	0.0652	0	0	0	0
chr11:3148978-3169060	chr11	linear_nested	loh	9	2	RR	4	AA	3	0	0	0.0	1.0	0	0	0	0
chr11:7534907-7539006	chr11	linear_nested	loh	23	2	RA	20	AA	3	99	0	0.749	0.9412	0	0	0	0
chr11:9130416-9135540	chr11	sibling_only	loh	34	3	AR	17	RA	11	309	0	0.962	1.0	0	0	0	0
chr11:9705609-9716560	chr11	linear_nested	loh	25	2	AA	14	AR	11	376	0	0.725	1.0	0	0	0	0
chr11:11630648-11633826	chr11	linear_nested	loh	50	3	RA	38	AA	9	206	0	0.592	0.8305	0	0	0	0
chr11:12448023-12448024	chr11	linear_nested	loh	61	2	RR	37	AA	23	512	0	0.941	0.133	0	0	0	0
chr11:22025965-22031966	chr11	linear_nested	loh	32	2	AR	21	AA	10	334	0	0.985	0.2631	0	0	0	0
chr11:23678501-23686191	chr11	linear_nested	loh	29	2	RA	16	AA	13	265	0	0.862	0.1362	0	0	0	0
chr11:29698560-29700709	chr11	sibling_only	loh	43	2	RA	26	AR	16	279	1	0.954	0.0168	1	0	0	0
chr11:31127523-31136105	chr11	linear_nested	loh	24	2	AA	15	AR	9	254	0	0.97	0.247	0	0	0	0
chr11:32196113-32197253	chr11	sibling_only	loh	35	2	AR	19	RA	16	407	0	0.982	0.0971	0	0	0	0
chr11:32624700-32632656	chr11	linear_nested	loh	33	2	RA	19	AA	14	315	0	0.984	0.11	0	0	0	0
chr11:34276889-34293300	chr11	linear_nested	loh	19	2	AR	10	AA	9	625	0	0.946	0.9838	0	0	0	0
chr11:36879769-36879771	chr11	linear_nested	loh	42	2	RR	28	AA	13	190	0	0.972	0.0645	0	0	0	0
chr11:38313239-38315451	chr11	linear_nested	loh	51	3	AA	29	AR	19	308	0	0.947	0.3086	0	0	0	0
chr11:39663810-39677940	chr11	linear_nested	loh	16	2	AR	11	AA	5	167	0	0.972	0.6816	0	0	0	0
chr11:42767750-42772773	chr11	linear_nested	loh	29	2	AR	15	AA	13	140	0	0.724	0.0782	0	0	0	0
chr11:44970906-44973110	chr11	linear_nested	loh	45	2	AR	24	AA	19	936	0	0.965	0.0964	0	0	0	0
chr11:46388259-46388260	chr11	linear_nested	loh	63	2	AA	32	RR	30	2820	45	0.943	0.0056	1	0	0	0
chr11:72956918-72979333	chr11	linear_nested	loh	12	2	RA	9	AA	3	0	0	0.0	1.0	0	0	0	0
chr11:80864081-80874286	chr11	linear_nested	loh	11	2	AA	6	RA	5	71	0	0.968	0.7859	0	0	0	0
chr11:81634387-81639585	chr11	linear_nested	loh	26	2	AA	16	RR	9	205	0	0.983	0.2005	0	0	0	0
chr11:85526099-85549969	chr11	sibling_only	loh	12	2	AR	9	RA	3	0	0	0.0	1.0	0	0	0	0
chr11:87967336-87967655	chr11	linear_nested	loh	37	3	RR	22	AA	12	130	0	0.973	0.2068	0	0	0	0
chr11:90188107-90198888	chr11	linear_nested	loh	21	2	AR	14	AA	6	117	0	0.425	1.0	0	0	0	0
chr11:90319120-90341342	chr11	linear_nested	loh	9	2	AA	5	RA	4	0	0	0.0	1.0	0	0	0	0
chr11:91139191-91142579	chr11	sibling_only	loh	38	2	RA	21	AR	17	266	0	0.98	0.0531	0	0	0	0
chr11:94192615-94196924	chr11	linear_nested	loh	37	2	AA	21	AR	16	368	0	0.98	0.0526	0	0	0	0
chr11:95958905-95966822	chr11	linear_nested	loh	40	2	RA	36	AA	3	143	0	0.681	0.8741	0	0	0	0
chr11:98204470-98221374	chr11	linear_nested	loh	12	2	AA	6	RR	5	2	0	0.281	0.4571	0	0	0	0
chr11:98526471-98540278	chr11	sibling_only	loh	23	2	RR	12	RA	11	342	0	0.965	0.8611	0	0	0	0
chr11:101052740-101063757	chr11	sibling_only	loh	20	2	RA	13	AR	5	41	0	0.833	0.781	0	0	0	0
chr11:107851451-107854384	chr11	linear_nested	loh	33	2	AA	18	AR	15	721	0	0.922	1.0	0	0	0	0
chr11:109092608-109106890	chr11	sibling_only	loh	19	2	RA	13	RR	5	85	0	0.903	0.6114	0	0	0	0
chr11:109496275-109511178	chr11	linear_nested	loh	15	2	AR	8	AA	7	2	0	0.189	0.7213	0	0	0	0
chr11:112122727-112133525	chr11	linear_nested	loh	19	2	RA	11	AA	7	249	0	0.84	0.8893	0	0	0	0
chr11:118317056-118320662	chr11	linear_nested	loh	40	2	AA	20	AR	18	763	2	0.981	0.0455	1	0	0	0
chr11:119476474-119479445	chr11	linear_nested	loh	31	2	AA	21	AR	10	506	0	0.961	0.6702	0	0	0	0
chr11:120286006-120299526	chr11	linear_nested	loh	22	3	RA	11	AA	8	440	0	0.93	0.6122	0	0	0	0
chr11:121543363-121559171	chr11	sibling_only	loh	11	2	RA	7	RR	4	163	0	0.956	0.3452	0	0	0	0
chr11:121999353-122001391	chr11	linear_nested	loh	47	3	RR	23	AA	20	247	0	0.955	0.5601	0	0	0	0
chr11:122957249-122967540	chr11	linear_nested	loh	14	2	AR	9	AA	5	172	0	0.992	0.4095	0	0	0	0
chr11:123939424-123943667	chr11	linear_nested	loh	38	2	AA	20	AR	18	390	1	0.988	0.042	1	0	0	0
chr11:130486562-130494260	chr11	sibling_only	loh	14	2	AR	9	RA	5	0	0	0.0	1.0	0	0	0	0
chr12:39712074-39734772	chr12	sibling_only	loh	7	2	RR	4	RA	3	0	0	0.0	1.0	0	0	0	0
chr12:40581976-40585649	chr12	linear_nested	loh	41	3	RR	21	AA	10	118	0	0.98	0.0678	0	0	0	0
chr12:42372121-42393409	chr12	linear_nested	loh	6	2	AA	3	AR	3	0	0	0.0	1.0	0	0	0	0
chr12:43057263-43074964	chr12	linear_nested	loh	20	2	RR	16	AA	3	0	0	0.0	1.0	0	0	0	0
chr12:44695116-44700004	chr12	linear_nested	loh	38	2	RA	21	AA	16	294	0	0.976	0.3964	0	0	0	0
chr12:49526215-49530304	chr12	linear_nested	loh	44	2	AR	27	AA	15	839	0	0.943	0.3029	0	0	0	0
chr12:50828895-50842418	chr12	linear_nested	loh	19	2	RA	10	AA	9	247	0	0.921	0.9956	0	0	0	0
chr12:51495109-51509737	chr12	sibling_only	loh	18	2	AR	14	RR	3	0	0	0.0	1.0	0	0	0	0
chr12:60388331-60397007	chr12	linear_nested	loh	26	2	AR	15	AA	10	225	0	0.831	0.7064	0	0	0	0
chr12:61596460-61604175	chr12	linear_nested	loh	23	2	RR	12	AA	10	148	0	0.931	0.7563	0	0	0	0
chr12:61924584-61928685	chr12	sibling_only	loh	33	2	RA	21	RR	10	227	0	0.816	0.2268	0	0	0	0
chr12:63222098-63224952	chr12	linear_nested	loh	42	3	RR	26	AA	13	240	0	0.95	0.4751	0	0	0	0
chr12:65746245-65751919	chr12	linear_nested	loh	33	2	RA	25	AA	8	631	0	0.896	0.5344	0	0	0	0
chr12:67218141-67231309	chr12	linear_nested	loh	16	2	AR	11	AA	5	78	0	0.768	0.9988	0	0	0	0
chr12:67311543-67311546	chr12	linear_nested	loh	57	2	RR	50	AA	6	45	0	0.442	0.4806	0	0	0	0
chr12:69702037-69702134	chr12	linear_nested	loh	53	2	AA	50	AR	3	0	0	0.0	1.0	0	0	0	0
chr12:78223495-78227813	chr12	linear_nested	loh	43	3	AA	35	AR	4	47	0	0.405	0.7774	0	0	0	0
chr12:78321695-78337010	chr12	linear_nested	loh	18	2	AA	11	RA	6	102	0	0.927	0.7742	0	0	0	0
chr12:79638373-79653488	chr12	linear_nested	loh	14	2	AR	7	AA	5	73	0	0.579	0.6528	0	0	0	0
chr12:87203096-87225939	chr12	linear_nested	loh	8	2	AR	4	AA	4	0	0	0.0	1.0	0	0	0	0
chr12:90529212-90547203	chr12	sibling_only	loh	12	2	RA	6	AR	6	165	0	0.979	0.9506	0	0	0	0
chr12:93263946-93265599	chr12	linear_nested	loh	48	3	AR	27	AA	17	429	0	0.983	0.1443	0	0	0	0
chr12:94683538-94693536	chr12	linear_nested	loh	17	2	AA	9	AR	8	507	0	0.986	0.8319	0	0	0	0
chr12:95220219-95220471	chr12	linear_nested	loh	53	2	AA	30	RR	22	731	1	0.906	0.0139	1	0	0	0
chr12:96531827-96532387	chr12	linear_nested	loh	58	2	RR	54	AA	4	0	0	0.0	1.0	0	0	0	0
chr12:101534021-101547649	chr12	sibling_only	loh	10	2	AR	5	RR	5	84	0	0.921	0.6	0	0	0	0
chr12:103314635-103319582	chr12	linear_nested	loh	30	2	RA	24	AA	4	46	0	0.79	0.3125	0	0	0	0
chr12:105679292-105679312	chr12	linear_nested	loh	61	2	RR	52	AA	8	93	0	0.457	0.9478	0	0	0	0
chr12:108908246-108912017	chr12	linear_nested	loh	27	2	AR	19	AA	6	231	0	0.974	0.7336	0	0	0	0
chr12:111342840-111343251	chr12	linear_nested	loh	48	2	RR	44	AA	3	49	0	0.526	0.5292	0	0	0	0
chr12:112966053-112979060	chr12	linear_nested	loh	16	2	AR	10	AA	6	270	0	0.949	0.805	0	0	0	0
chr12:114070226-114070227	chr12	linear_nested	loh	52	2	RR	30	AA	21	361	1	0.971	0.0122	1	0	0	0
chr12:114947445-114952653	chr12	linear_nested	loh	35	3	AA	17	AR	15	412	0	0.951	0.4889	0	0	0	0
chr12:121602115-121631173	chr12	linear_nested	loh	7	2	RA	4	AA	3	0	0	0.0	1.0	0	0	0	0
chr12:122169572-122176206	chr12	sibling_only	loh	28	2	RA	22	AR	4	231	0	0.934	0.5982	0	0	0	0
chr12:124139624-124149043	chr12	linear_nested	loh	17	2	AA	12	RR	4	0	0	0.0	1.0	0	0	0	0
chr12:125130698-125131788	chr12	linear_nested	loh	47	2	RR	42	AA	4	2	0	0.272	0.8732	0	0	0	0
chr12:128297714-128306237	chr12	sibling_only	loh	21	3	RA	11	AR	7	232	0	0.987	0.491	0	0	0	0
chr12:131937496-131952674	chr12	sibling_only	loh	18	2	AR	9	RR	9	737	0	0.966	0.8151	0	0	0	0
chr12:132053416-132066878	chr12	sibling_only	loh	12	2	RA	6	AR	5	592	0	0.916	1.0	0	0	0	0
chr13:51433540-51436140	chr13	sibling_only	loh	43	2	RR	26	AR	16	332	0	0.62	0.5838	0	0	0	0
chr13:63848806-63849082	chr13	linear_nested	loh	51	2	RR	45	AA	4	0	0	0.0	1.0	0	0	0	0
chr13:67311425-67316699	chr13	linear_nested	loh	24	2	AR	17	AA	7	152	0	0.941	0.4409	0	0	0	0
chr13:67745158-67745981	chr13	sibling_only	loh	39	2	AR	28	RA	11	193	0	0.811	0.4729	0	0	0	0
chr13:68108141-68108142	chr13	linear_nested	loh	40	2	AA	25	RR	14	298	0	0.943	0.7977	0	0	0	0
chr13:73340584-73361436	chr13	linear_nested	loh	7	2	AA	4	AR	3	0	0	0.0	1.0	0	0	0	0
chr13:74300789-74307964	chr13	linear_nested	loh	23	2	RA	12	AA	10	195	0	0.811	0.9905	0	0	0	0
chr13:78987093-79002603	chr13	linear_nested	loh	14	2	AR	7	AA	5	108	0	0.971	1.0	0	0	0	0
chr13:81327683-81340436	chr13	sibling_only	loh	12	2	RR	8	AR	4	0	0	0.0	1.0	0	0	0	0
chr13:87760530-87781168	chr13	linear_nested	loh	9	2	RA	4	AA	3	0	0	0.0	1.0	0	0	0	0
chr13:94384050-94395849	chr13	sibling_only	loh	20	2	RA	10	AR	9	185	0	0.895	0.2102	0	0	0	0
chr13:98077724-98078907	chr13	sibling_only	loh	35	2	RA	31	AR	4	0	0	0.0	1.0	0	0	0	0
chr13:100245084-100247443	chr13	linear_nested	loh	31	2	AR	18	AA	11	176	0	0.961	1.0	0	0	0	0
chr13:100850834-100850835	chr13	linear_nested	loh	46	2	RR	29	AA	16	310	0	0.887	0.578	0	0	0	0
chr13:101018191-101026221	chr13	sibling_only	loh	31	2	RA	19	AR	10	361	0	0.902	0.7802	0	0	0	0
chr13:107366932-107367064	chr13	linear_nested	loh	49	2	RR	44	AA	4	0	0	0.0	1.0	0	0	0	0
chr13:108648018-108654674	chr13	linear_nested	loh	22	2	AA	12	RR	9	187	0	0.934	0.9714	0	0	0	0
chr13:109653969-109666836	chr13	linear_nested	loh	12	2	AR	7	AA	5	3	0	0.26	0.8544	0	0	0	0
chr13:111114709-111143464	chr13	sibling_only	loh	9	2	RR	5	RA	4	0	0	0.0	1.0	0	0	0	0
chr13:111595286-111603945	chr13	sibling_only	loh	32	3	RA	15	AR	13	866	0	0.989	0.1725	0	0	0	0
chr14:36123380-36145981	chr14	sibling_only	neutral	10	2	AR	5	RA	4	0	0	0.0	1.0	0	0	0	0
chr14:37894592-37898407	chr14	linear_nested	loh	46	2	AR	30	AA	14	278	2	0.904	0.0387	1	0	0	0
chr14:39508403-39521430	chr14	linear_nested	loh	22	2	AR	12	AA	9	263	0	0.984	0.5233	0	0	0	0
chr14:43431875-43461570	chr14	linear_nested	loh	7	2	AR	4	AA	3	0	0	0.0	1.0	0	0	0	0
chr14:44103196-44133127	chr14	linear_nested	loh	7	2	AA	4	AR	3	0	0	0.0	1.0	0	0	0	0
chr14:62341286-62355529	chr14	sibling_only	loh	17	2	AR	8	RA	7	108	0	0.97	0.2148	0	0	0	0
chr14:70060890-70070433	chr14	linear_nested	loh	33	2	AA	16	AR	15	442	22	0.974	0.0093	1	0	0	0
chr14:74091028-74091590	chr14	linear_nested	loh	62	2	AA	58	RR	3	157	0	0.609	0.8729	0	0	0	0
chr15:24320577-24322848	chr15	linear_nested	loh	39	2	RR	35	AA	3	0	0	0.0	1.0	0	0	0	0
chr15:25571447-25575695	chr15	linear_nested	loh	22	2	AR	12	AA	9	237	0	0.975	0.6111	0	0	0	0
chr15:29833501-29835375	chr15	linear_nested	loh	64	3	RA	40	AA	21	869	1	0.933	0.0079	1	0	0	0
chr15:31096121-31115297	chr15	linear_nested	loh	12	2	AA	7	AR	5	195	0	0.979	1.0	0	0	0	0
chr15:33535882-33548789	chr15	linear_nested	loh	21	2	AR	11	AA	9	412	0	0.969	1.0	0	0	0	0
chr15:38251066-38269368	chr15	linear_nested	loh	13	2	RA	8	AA	5	284	0	0.977	1.0	0	0	0	0
chr15:38625183-38625185	chr15	linear_nested	loh	61	3	RR	40	RA	12	240	0	0.587	0.5756	0	0	0	0
chr15:41417029-41441661	chr15	sibling_only	loh	10	2	RR	6	RA	4	2	0	0.047	0.8248	0	0	0	0
chr15:54271591-54287271	chr15	linear_nested	loh	18	2	AR	9	AA	8	216	0	0.977	0.5126	0	0	0	0
chr15:54848081-54860912	chr15	sibling_only	loh	19	2	RR	9	RA	9	190	0	0.977	0.5816	0	0	0	0
chr15:55080872-55106978	chr15	linear_nested	loh	10	2	AA	5	RA	5	147	0	0.98	0.5357	0	0	0	0
chr17:21303695-21320366	chr17	linear_nested	loh	43	3	RR	28	AR	8	472	55	0.982	0.0495	1	0	0	0
chr17:22196890-22223381	chr17	sibling_only	loh	9	2	AR	5	RR	3	0	0	0.0	1.0	0	0	0	0
chr17:26991340-26992372	chr17	linear_nested	loh	40	2	RR	23	AA	15	313	2	0.971	0.0164	1	0	0	0
chr17:28463255-28477180	chr17	sibling_only	loh	14	2	AR	7	RR	6	187	0	0.917	0.8944	0	0	0	0
chr17:30884631-30898479	chr17	linear_nested	loh	21	2	AA	15	AR	6	421	0	0.604	1.0	0	0	0	0
chr17:36122427-36148476	chr17	linear_nested	loh	7	2	AR	4	AA	3	0	0	0.0	1.0	0	0	0	0
chr17:36815783-36829256	chr17	linear_nested	loh	22	2	AR	12	AA	10	680	0	0.986	0.4797	0	0	0	0
chr17:38783293-38783294	chr17	linear_nested	loh	41	2	RR	21	AA	18	419	0	0.584	0.9597	0	0	0	0
chr17:39591212-39601897	chr17	linear_nested	loh	27	2	RR	21	AA	5	514	0	0.971	0.3927	0	0	0	0
chr17:39952731-39963510	chr17	linear_nested	loh	18	2	AR	10	AA	7	477	0	0.955	0.9028	0	0	0	0
chr17:41581093-41590725	chr17	linear_nested	loh	6	2	AA	3	AR	3	0	0	0.0	1.0	0	0	0	0
chr17:48131305-48137562	chr17	linear_nested	loh	40	2	RR	34	AA	5	131	0	0.916	0.3358	0	0	0	0
chr17:48745782-48765189	chr17	linear_nested	loh	16	2	RR	11	AA	4	422	0	0.954	0.4193	0	0	0	0
chr17:51386124-51396466	chr17	linear_nested	loh	26	2	AA	16	AR	10	628	0	0.959	0.3473	0	0	0	0
chr17:51945781-51956052	chr17	linear_nested	loh	29	2	AA	14	RR	14	265	0	0.984	0.2509	0	0	0	0
chr17:52845133-52860228	chr17	linear_nested	loh	11	2	AA	8	AR	3	0	0	0.0	1.0	0	0	0	0
chr17:54784785-54796117	chr17	linear_nested	loh	10	2	RA	5	AA	5	98	0	0.917	0.9333	0	0	0	0
chr17:59307245-59316490	chr17	linear_nested	loh	27	2	AR	14	AA	12	740	0	0.952	0.4602	0	0	0	0
chr17:61183557-61199342	chr17	linear_nested	loh	18	2	RA	11	AA	6	229	0	0.942	0.9151	0	0	0	0
chr17:64901033-64905426	chr17	sibling_only	loh	47	2	AR	34	RA	11	277	0	0.976	0.1301	0	0	0	0
chr17:66251026-66259135	chr17	linear_nested	loh	33	2	AR	16	AA	15	744	0	0.925	0.7298	0	0	0	0
chr18:1276206-1280562	chr18	linear_nested	loh	39	2	AA	22	RA	15	171	0	0.971	0.5213	0	0	0	0
chr18:2883977-2889756	chr18	sibling_only	loh	27	2	RA	16	RR	10	925	0	0.973	0.6146	0	0	0	0
chr18:4171414-4181350	chr18	linear_nested	loh	23	2	AA	18	RA	3	0	0	0.0	1.0	0	0	0	0
chr18:4848875-4867702	chr18	linear_nested	loh	8	2	AA	4	RR	3	0	0	0.0	1.0	0	0	0	0
chr18:6740407-6760358	chr18	sibling_only	loh	13	2	RA	8	AR	3	122	0	0.958	0.8133	0	0	0	0
chr18:9085056-9104285	chr18	sibling_only	loh	7	2	RR	4	AR	3	0	0	0.0	1.0	0	0	0	0
chr18:9777310-9777311	chr18	linear_nested	loh	59	2	AA	31	RR	27	742	0	0.825	0.9089	0	0	0	0
chr18:10960964-10985457	chr18	linear_nested	loh	10	2	AR	6	AA	4	1	0	0.4	0.1	0	0	0	0
chr18:11457947-11458068	chr18	linear_nested	loh	80	2	RR	51	AA	29	425	60	0.979	0.0003	1	0	0	0
chr19:2103787-2118254	chr19	linear_nested	loh	10	2	RA	5	AA	4	0	0	0.0	1.0	0	0	0	0
chr19:6609894-6610503	chr19	linear_nested	loh	44	2	RA	28	AA	16	766	0	0.972	0.4681	0	0	0	0
chr19:6878285-6879651	chr19	sibling_only	loh	48	2	AR	27	RA	19	548	0	0.963	0.0681	0	0	0	0
chr19:7016651-7017724	chr19	linear_nested	loh	50	3	AR	44	RR	3	51	0	0.66	0.2304	0	0	0	0
chr19:7704549-7723017	chr19	sibling_only	loh	9	2	RA	4	AR	3	0	0	0.0	1.0	0	0	0	0
chr19:8503382-8537313	chr19	linear_nested	loh	9	2	RA	6	AA	3	0	0	0.0	1.0	0	0	0	0
chr19:40651384-40659734	chr19	linear_nested	loh	35	3	AA	16	RA	15	1256	0	0.983	0.1103	0	0	0	0
chr19:42317248-42342617	chr19	linear_nested	loh	8	2	AR	5	AA	3	0	0	0.0	1.0	0	0	0	0
chr19:45939646-45960597	chr19	linear_nested	loh	11	2	RA	7	AA	4	559	0	0.942	0.7873	0	0	0	0
chr19:53312823-53313228	chr19	sibling_only	loh	61	3	AR	35	RA	23	1157	27	0.979	0.0059	1	0	0	0
chr19:53645974-53661058	chr19	linear_nested	loh	20	2	RR	14	AA	5	716	0	0.971	0.2802	0	0	0	0
chr19:54677727-54698073	chr19	sibling_only	loh	13	2	AR	8	RA	5	254	0	0.979	0.3024	0	0	0	0
chr19:54936893-54942516	chr19	linear_nested	loh	60	2	RR	45	AA	14	1308	14	0.922	0.0066	1	0	0	0
chr19:55211650-55226999	chr19	sibling_only	loh	26	2	AR	16	RA	10	1187	0	0.945	0.7658	0	0	0	0
chr19:57195772-57213066	chr19	linear_nested	loh	23	2	RA	13	AA	9	750	0	0.946	0.9565	0	0	0	0
chr20:29248473-29268498	chr20	linear_nested	neutral	9	2	RA	5	AA	4	0	0	0.0	1.0	0	0	0	0
chr21:13518744-13518745	chr21	linear_nested	neutral	53	2	AA	32	RR	20	461	0	0.988	0.0976	0	0	0	0
chr21:16812712-16812713	chr21	linear_nested	neutral	60	2	RR	30	AA	29	365	0	0.955	0.1486	0	0	0	0
chr21:17117416-17142659	chr21	sibling_only	neutral	8	2	AR	3	RA	3	0	0	0.0	1.0	0	0	0	0
chr21:18136259-18137539	chr21	linear_nested	neutral	42	3	RA	20	RR	13	294	0	0.987	0.4085	0	0	0	0
chr21:24250583-24264771	chr21	linear_nested	neutral	18	2	AA	13	RR	4	139	0	0.738	0.9149	0	0	0	0
chr21:29101496-29101497	chr21	linear_nested	neutral	52	2	AA	27	RR	24	588	2	0.962	0.0216	1	0	0	0
chr21:39787805-39790353	chr21	linear_nested	neutral	40	2	RR	22	AA	17	436	0	0.977	0.3217	0	0	0	0
chr21:45086352-45107962	chr21	linear_nested	neutral	10	2	RR	5	AA	3	0	0	0.0	1.0	0	0	0	0
chr22:11348424-11349897	chr22	linear_nested	neutral	154	2	RR	99	AA	54	663	66	0.948	0.0	1	0	0	0
chr22:16919371-16944002	chr22	linear_nested	loh	7	2	AA	4	RA	3	113	0	0.92	0.6647	0	0	0	0
chr22:50383323-50404573	chr22	sibling_only	loh	25	3	RA	10	AR	10	1304	0	0.95	0.952	0	0	0	0
chr21:13601438-13604703	chr21	co_linked_lineage	neutral	23	2	RRRRR	20	AAAAA	3	0	0	0.0	1.0	0	0	0	0
chr1:102898164-102920743	chr1	co_linked_lineage	loh	6	2	RRRR	3	AAAA	3	0	0	0.0	1.0	0	0	0	0
chr2:197152546-197167619	chr2	co_linked_lineage	neutral	24	3	AAAR	9	RRRA	9	415	0	0.909	1.0	0	0	0	0
chr4:143350201-143358942	chr4	co_linked_lineage	loh	25	2	RRRR	22	AAAA	3	0	0	0.0	1.0	0	0	0	0
chr5:89029490-89034429	chr5	co_linked_lineage	loh	23	2	RRRR	19	AAAA	4	0	0	0.0	1.0	0	0	0	0
chr5:106660357-106663616	chr5	co_linked_lineage	loh	37	2	RRRR	32	AAAA	3	0	0	0.0	1.0	0	0	0	0
chr12:89515285-89521772	chr12	co_linked_lineage	loh	41	2	RRRR	36	AAAA	5	75	0	0.595	0.8541	0	0	0	0
chr1:83700750-83707491	chr1	co_linked_lineage	loh	26	2	RRR	23	AAA	3	0	0	0.0	1.0	0	0	0	0
chr2:123543334-123544961	chr2	co_linked_lineage	loh	48	2	RRR	45	AAA	3	0	0	0.0	1.0	0	0	0	0
chr2:222098818-222126730	chr2	co_linked_lineage	neutral	9	2	ARR	4	RRR	4	0	0	0.0	1.0	0	0	0	0
chr2:224749654-224771004	chr2	co_linked_lineage	neutral	14	2	RRA	7	AAR	7	429	0	0.489	1.0	0	0	0	0
chr4:136946698-136953629	chr4	co_linked_lineage	loh	21	2	RRR	17	AAA	4	0	0	0.0	1.0	0	0	0	0
chr4:153965341-153967235	chr4	co_linked_lineage	loh	29	2	RRR	24	AAA	5	104	50	0.981	0.0465	1	0	0	0
chr4:175019638-175033708	chr4	co_linked_lineage	loh	25	2	RRR	22	AAA	3	0	0	0.0	1.0	0	0	0	0
chr5:61089793-61093038	chr5	co_linked_lineage	loh	44	2	RRR	38	AAA	3	0	0	0.0	1.0	0	0	0	0
chr5:83602524-83606785	chr5	co_linked_lineage	loh	35	3	ARR	17	RRR	14	339	0	0.967	0.6594	0	0	0	0
chr5:163676678-163688379	chr5	co_linked_lineage	loh	29	2	RRR	15	AAA	14	307	0	0.977	0.1529	0	0	0	0
chr8:62491039-62503410	chr8	co_linked_lineage	loh	20	2	RRR	15	AAA	5	88	0	0.975	0.2763	0	0	0	0
chr10:22007789-22009175	chr10	co_linked_lineage	loh	39	2	RRR	36	AAA	3	0	0	0.0	1.0	0	0	0	0
chr10:107319110-107319574	chr10	co_linked_lineage	loh	58	2	RRR	55	AAA	3	0	0	0.0	1.0	0	0	0	0
chr10:112890178-112890529	chr10	co_linked_lineage	loh	59	2	RRR	39	AAA	18	385	0	0.993	0.2415	0	0	0	0
chr11:28562267-28566879	chr11	co_linked_lineage	loh	29	2	RRR	24	AAA	5	55	0	0.956	0.1676	0	0	0	0
chr11:39151770-39163119	chr11	co_linked_lineage	loh	24	2	RRR	21	AAA	3	1	0	0.135	0.9178	0	0	0	0
chr11:48278433-48292994	chr11	co_linked_lineage	loh	8	2	RRR	5	AAA	3	0	0	0.0	1.0	0	0	0	0
chr11:75009548-75017508	chr11	co_linked_lineage	loh	28	2	RRR	25	AAA	3	0	0	0.0	1.0	0	0	0	0
chr12:62946766-62953355	chr12	co_linked_lineage	loh	39	2	RRR	34	AAA	3	0	0	0.0	1.0	0	0	0	0
chr12:72852374-72854791	chr12	co_linked_lineage	loh	39	2	RRR	35	AAA	4	43	0	0.939	0.0596	0	0	0	0
chr12:101701400-101702234	chr12	co_linked_lineage	loh	60	2	RRR	56	AAA	4	0	0	0.0	1.0	0	0	0	0
chr12:102291487-102306071	chr12	co_linked_lineage	loh	16	2	AAA	8	RAA	6	131	0	0.977	0.3119	0	0	0	0
chr12:118285896-118287928	chr12	co_linked_lineage	loh	36	2	RRR	33	AAA	3	0	0	0.0	1.0	0	0	0	0
chr13:67241894-67243496	chr13	co_linked_lineage	loh	32	2	RRR	29	AAA	3	0	0	0.0	1.0	0	0	0	0
chr21:14464520-14486544	chr21	co_linked_lineage	neutral	10	2	RRR	7	AAA	3	0	0	0.0	1.0	0	0	0	0
chr21:28582933-28585488	chr21	co_linked_lineage	neutral	63	2	RRR	33	AAA	30	491	2	0.989	0.0484	1	0	0	0
chr21:30755336-30773771	chr21	co_linked_lineage	neutral	8	2	RRR	5	AAA	3	0	0	0.0	1.0	0	0	0	0
chr21:41925098-41942645	chr21	co_linked_lineage	neutral	14	2	RRR	7	RRA	6	415	0	0.969	0.8258	0	0	0	0
chr21:42325490-42333073	chr21	co_linked_lineage	neutral	26	2	RRA	15	AAR	10	330	0	0.986	0.0664	0	0	0	0
chr1:52630054-52630942	chr1	co_linked_lineage	loh	49	2	RR	45	AA	4	165	0	0.944	0.1586	0	0	0	0
chr1:54073027-54073666	chr1	co_linked_lineage	loh	61	2	RR	57	AA	4	0	0	0.0	1.0	0	0	0	0
chr1:54553263-54566222	chr1	co_linked_lineage	loh	28	2	RR	19	AA	9	824	0	0.974	0.4166	0	0	0	0
chr1:55820681-55840350	chr1	co_linked_lineage	loh	10	2	AA	7	RR	3	1	0	0.035	0.6579	0	0	0	0
chr1:56843461-56869731	chr1	co_linked_lineage	loh	9	2	RR	6	AA	3	0	0	0.0	1.0	0	0	0	0
chr1:96449497-96457940	chr1	co_linked_lineage	loh	25	2	RR	15	AA	10	279	0	0.955	0.6873	0	0	0	0
chr1:100326501-100337631	chr1	co_linked_lineage	loh	18	2	AA	12	RR	6	173	0	0.848	0.7172	0	0	0	0
chr1:102018057-102038765	chr1	co_linked_lineage	loh	10	2	AA	7	RR	3	0	0	0.0	1.0	0	0	0	0
chr1:107930227-107936875	chr1	co_linked_lineage	loh	27	2	AA	14	RR	13	241	0	0.928	0.881	0	0	0	0
chr1:109448808-109460633	chr1	co_linked_lineage	loh	22	2	AA	12	RR	10	695	0	0.987	0.1935	0	0	0	0
chr1:111037258-111057097	chr1	co_linked_lineage	loh	12	2	AA	8	RR	4	0	0	0.0	1.0	0	0	0	0
chr1:112956212-112976689	chr1	co_linked_lineage	loh	16	2	AA	8	RR	8	554	0	0.941	0.8822	0	0	0	0
chr1:113571915-113572221	chr1	co_linked_lineage	loh	37	2	RR	34	AA	3	0	0	0.0	1.0	0	0	0	0
chr1:117324606-117338806	chr1	co_linked_lineage	loh	15	2	AA	8	RR	7	173	0	0.968	0.3445	0	0	0	0
chr2:18761006-18771636	chr2	co_linked_lineage	loh	27	2	AA	14	RR	13	252	0	0.814	1.0	0	0	0	0
chr2:24607583-24608465	chr2	co_linked_lineage	loh	35	2	RR	32	AA	3	0	0	0.0	1.0	0	0	0	0
chr2:30070016-30074054	chr2	co_linked_lineage	loh	57	2	RR	47	AA	10	403	2	0.971	0.0499	1	0	0	0
chr2:43618645-43618646	chr2	co_linked_lineage	loh	79	2	RR	45	AA	34	1104	6	0.948	0.0021	1	0	0	0
chr2:76057101-76058946	chr2	co_linked_lineage	loh	44	2	RR	39	AA	5	27	0	0.959	0.0726	0	0	0	0
chr2:80913174-80914309	chr2	co_linked_lineage	loh	44	2	RR	29	AA	15	254	0	0.973	0.0785	0	0	0	0
chr2:82368700-82388164	chr2	co_linked_lineage	loh	15	2	RR	12	AA	3	0	0	0.0	1.0	0	0	0	0
chr2:126912434-126912435	chr2	co_linked_lineage	loh	50	2	RR	31	AA	19	562	1	0.983	0.026	1	0	0	0
chr2:200350557-200370489	chr2	co_linked_lineage	neutral	17	2	RR	10	AA	7	217	0	0.964	0.8675	0	0	0	0
chr2:201562178-201568247	chr2	co_linked_lineage	neutral	38	2	AA	21	RR	17	467	0	0.91	0.2562	0	0	0	0
chr2:219860984-219872069	chr2	co_linked_lineage	neutral	42	2	RR	28	AA	14	641	0	0.929	0.1599	0	0	0	0
chr3:77729662-77730448	chr3	co_linked_lineage	loh	44	2	RR	40	AA	4	0	0	0.0	1.0	0	0	0	0
chr3:102491175-102493406	chr3	co_linked_lineage	loh	48	2	RR	42	AA	6	123	0	0.977	0.102	0	0	0	0
chr3:107594133-107594403	chr3	co_linked_lineage	loh	42	2	RR	38	AA	4	20	0	0.325	0.3667	0	0	0	0
chr3:111042426-111043159	chr3	co_linked_lineage	loh	57	2	RR	54	AA	3	0	0	0.0	1.0	0	0	0	0
chr4:38235313-38260657	chr4	co_linked_lineage	neutral	7	2	RR	4	AA	3	0	0	0.0	1.0	0	0	0	0
chr4:40025205-40046790	chr4	co_linked_lineage	neutral	15	2	RR	9	AA	6	637	0	0.97	1.0	0	0	0	0
chr4:141475850-141475851	chr4	co_linked_lineage	loh	51	2	AA	29	RR	22	393	0	0.944	0.5347	0	0	0	0
chr4:159268963-159269010	chr4	co_linked_lineage	loh	55	2	RR	49	AA	6	46	0	0.519	0.7927	0	0	0	0
chr4:172313148-172316888	chr4	co_linked_lineage	loh	45	2	RR	41	AA	4	62	0	0.908	0.1257	0	0	0	0
chr4:176120051-176120052	chr4	co_linked_lineage	loh	46	2	RR	26	AA	20	314	2	0.971	0.0346	1	0	0	0
chr4:178701647-178701972	chr4	co_linked_lineage	loh	60	2	RR	56	AA	4	0	0	0.0	1.0	0	0	0	0
chr4:179928680-179934864	chr4	co_linked_lineage	loh	53	2	RR	49	AA	4	39	0	0.963	0.0547	0	0	0	0
chr4:188763933-188766205	chr4	co_linked_lineage	loh	29	2	RR	16	AA	13	370	0	0.936	0.575	0	0	0	0
chr5:62122079-62122080	chr5	co_linked_lineage	loh	57	2	RR	32	AA	25	402	18	0.977	0.0015	1	0	0	0
chr5:87144260-87163036	chr5	co_linked_lineage	loh	8	2	RR	5	AA	3	0	0	0.0	1.0	0	0	0	0
chr5:138046551-138052501	chr5	co_linked_lineage	loh	32	2	AA	19	RR	13	657	0	0.977	0.25	0	0	0	0
chr5:165416027-165420657	chr5	co_linked_lineage	loh	52	2	RR	35	AA	17	317	2	0.958	0.0034	1	0	0	0
chr5:165550416-165557844	chr5	co_linked_lineage	loh	46	2	AA	29	RR	17	521	41	0.987	0.0096	1	0	0	0
chr5:174775207-174794062	chr5	co_linked_lineage	loh	17	2	RR	11	AA	6	298	0	0.955	0.2128	0	0	0	0
chr5:179733119-179743610	chr5	co_linked_lineage	loh	40	2	RR	28	AA	12	1474	0	0.887	0.9679	0	0	0	0
chr6:64405300-64427201	chr6	co_linked_lineage	neutral	9	2	AA	6	RR	3	0	0	0.0	1.0	0	0	0	0
chr6:65244019-65244020	chr6	co_linked_lineage	neutral	45	2	RR	23	AA	22	192	11	0.978	0.0323	1	0	0	0
chr7:24976612-24976619	chr7	co_linked_lineage	loh	30	2	RR	27	AA	3	0	0	0.0	1.0	0	0	0	0
chr8:1812786-1812787	chr8	co_linked_lineage	loh	48	2	RR	40	AA	8	138	0	0.57	0.4247	0	0	0	0
chr8:3389186-3392732	chr8	co_linked_lineage	loh	54	2	RR	31	AA	23	599	3	0.939	0.0342	1	0	0	0
chr8:23372250-23372279	chr8	co_linked_lineage	loh	51	2	RR	48	AA	3	0	0	0.0	1.0	0	0	0	0
chr8:43451438-43470676	chr8	co_linked_lineage	loh	12	2	RR	9	AA	3	0	0	0.0	1.0	0	0	0	0
chr8:59030478-59050445	chr8	co_linked_lineage	loh	8	2	RR	5	AA	3	0	0	0.0	1.0	0	0	0	0
chr8:91447465-91452378	chr8	co_linked_lineage	loh	60	2	RR	56	AA	4	0	0	0.0	1.0	0	0	0	0
chr8:92820524-92833206	chr8	co_linked_lineage	loh	29	2	RR	23	AA	6	140	0	0.877	0.5032	0	0	0	0
chr8:92971552-92981293	chr8	co_linked_lineage	loh	35	2	RR	23	AA	12	504	0	0.942	0.5901	0	0	0	0
chr8:97550351-97576798	chr8	co_linked_lineage	loh	6	2	RR	3	AA	3	0	0	0.0	1.0	0	0	0	0
chr9:34753471-34768696	chr9	co_linked_lineage	loh	15	2	RR	12	AA	3	0	0	0.0	1.0	0	0	0	0
chr9:115910328-115915473	chr9	co_linked_lineage	loh	40	2	AA	24	RR	16	303	0	0.981	0.1073	0	0	0	0
chr9:121209334-121211746	chr9	co_linked_lineage	loh	50	2	RR	47	AA	3	0	0	0.0	1.0	0	0	0	0
chr10:15002683-15024405	chr10	co_linked_lineage	loh	10	2	RR	6	AA	4	0	0	0.0	1.0	0	0	0	0
chr10:18544912-18551990	chr10	co_linked_lineage	loh	35	2	RR	32	AA	3	0	0	0.0	1.0	0	0	0	0
chr10:23463517-23469029	chr10	co_linked_lineage	loh	46	2	AA	42	RR	4	53	0	0.905	0.1546	0	0	0	0
chr10:61805797-61807738	chr10	co_linked_lineage	loh	46	2	RR	43	AA	3	0	0	0.0	1.0	0	0	0	0
chr10:67819658-67819660	chr10	co_linked_lineage	loh	49	2	RR	43	AA	6	226	0	0.465	0.7833	0	0	0	0
chr10:82649960-82650195	chr10	co_linked_lineage	loh	42	2	RR	28	AA	14	257	0	0.986	0.1718	0	0	0	0
chr10:93844165-93844203	chr10	co_linked_lineage	loh	43	2	RR	40	AA	3	0	0	0.0	1.0	0	0	0	0
chr11:11932897-11933561	chr11	co_linked_lineage	loh	47	2	RR	43	AA	4	5	0	0.165	0.8259	0	0	0	0
chr11:15525167-15545245	chr11	co_linked_lineage	loh	9	2	AA	5	RR	4	0	0	0.0	1.0	0	0	0	0
chr11:25005752-25022694	chr11	co_linked_lineage	loh	14	2	RR	8	AA	6	118	0	0.969	0.4337	0	0	0	0
chr11:47286025-47306563	chr11	co_linked_lineage	loh	6	2	AA	3	RR	3	0	0	0.0	1.0	0	0	0	0
chr11:95842920-95866947	chr11	co_linked_lineage	loh	13	2	RR	7	AA	6	0	0	0.0	1.0	0	0	0	0
chr12:48057998-48060186	chr12	co_linked_lineage	loh	41	2	RR	36	AA	5	50	0	0.562	0.4594	0	0	0	0
chr12:50941804-50941806	chr12	co_linked_lineage	loh	61	2	RR	57	AA	4	101	0	0.888	0.7147	0	0	0	0
chr12:86771587-86771589	chr12	co_linked_lineage	loh	64	2	RR	37	AA	27	479	0	0.957	0.4551	0	0	0	0
chr12:103444842-103446763	chr12	co_linked_lineage	loh	55	2	RR	50	AA	5	13	0	0.924	0.1193	0	0	0	0
chr13:18249462-18251629	chr13	co_linked_lineage	neutral	59	2	RR	48	AA	11	1164	0	0.961	0.1212	0	0	0	0
chr13:65131377-65144623	chr13	co_linked_lineage	loh	12	2	AA	9	RR	3	0	0	0.0	1.0	0	0	0	0
chr13:89846691-89849475	chr13	co_linked_lineage	loh	33	2	RR	29	AA	4	16	0	0.633	0.2337	0	0	0	0
chr13:105441839-105441840	chr13	co_linked_lineage	loh	45	2	AA	41	RR	4	84	0	0.701	0.4736	0	0	0	0
chr13:106308822-106311069	chr13	co_linked_lineage	loh	36	2	RR	33	AA	3	0	0	0.0	1.0	0	0	0	0
chr14:38451023-38467317	chr14	co_linked_lineage	loh	10	2	RR	6	AA	4	0	0	0.0	1.0	0	0	0	0
chr15:36812008-36812012	chr15	co_linked_lineage	loh	51	2	RR	32	AA	19	403	0	0.988	0.2189	0	0	0	0
chr17:19280836-19282115	chr17	co_linked_lineage	loh	58	2	RR	55	AA	3	0	0	0.0	1.0	0	0	0	0
chr17:46014622-46014691	chr17	co_linked_lineage	loh	52	2	RR	40	AA	12	584	0	0.952	0.9704	0	0	0	0
chr17:48434251-48448197	chr17	co_linked_lineage	loh	14	2	RR	11	AA	3	0	0	0.0	1.0	0	0	0	0
chr17:48640982-48641591	chr17	co_linked_lineage	loh	48	2	RR	40	AA	8	744	0	0.97	0.106	0	0	0	0
chr17:48865888-48869284	chr17	co_linked_lineage	loh	49	2	RR	42	AA	7	332	0	0.965	0.4808	0	0	0	0
chr17:59480006-59483655	chr17	co_linked_lineage	loh	48	2	RR	44	AA	4	1	0	0.148	0.7996	0	0	0	0
chr19:41163176-41163234	chr19	co_linked_lineage	loh	48	2	RR	45	AA	3	0	0	0.0	1.0	0	0	0	0
chr19:57130037-57141706	chr19	co_linked_lineage	loh	39	2	AA	26	RR	13	782	39	0.974	0.0234	1	0	0	0
chr21:14729539-14744646	chr21	co_linked_lineage	neutral	15	2	AA	10	RR	5	109	0	0.938	0.3544	0	0	0	0
chr21:15662986-15684314	chr21	co_linked_lineage	neutral	8	2	AA	5	RR	3	0	0	0.0	1.0	0	0	0	0
chr21:17778136-17785656	chr21	co_linked_lineage	neutral	36	2	AA	20	RR	16	342	0	0.874	0.781	0	0	0	0
chr21:20048479-20070899	chr21	co_linked_lineage	neutral	10	2	RR	7	AA	3	0	0	0.0	1.0	0	0	0	0
chr21:20136782-20163949	chr21	co_linked_lineage	neutral	9	2	RR	6	AA	3	0	0	0.0	1.0	0	0	0	0
chr21:30520863-30520864	chr21	co_linked_lineage	neutral	66	2	RR	35	AA	31	545	5	0.984	0.0468	1	0	0	0
chr21:35625775-35625776	chr21	co_linked_lineage	neutral	37	2	RR	22	AA	15	340	0	0.932	0.4051	0	0	0	0
