region	cn	shape	hp1_n	hp2_n	hp0_n	n_anchor	loo_tested	loo_correct	loo_acc	recruitable_hp0	within_hp_subclone_tested	within_hp_subclone_sep
chr8:99815931-100069207	loh	full_tree	29	1097	1263	0	0	0		0	0	0
chr17:49368439-49890555	loh	full_tree	1800	450	1294	0	0	0		0	0	0
chr8:100436896-100493791	loh	full_tree	10	314	199	0	0	0		0	0	0
chr8:93689652-94171262	loh	full_tree	1927	912	1953	4	47	46	0.979	0	0	0
chr6:88862216-88871971	loh	full_tree	194	0	46	0	0	0		0	0	0
chr14:16093807-16096495	neutral	sibling_only	47	23	13	0	0	0		0	0	0
chr15:27306194-27306522	loh	linear_nested	16	37	5	0	0	0		0	0	0
chr17:49106443-49281119	loh	full_tree	583	63	554	0	0	0		0	0	0
chr2:206859990-207001066	neutral	full_tree	491	373	237	234	556	539	0.969	74	0	0
chr3:71327944-71329696	neutral	linear_nested	54	34	2	2	0	0		0	0	0
chr5:109588573-109589616	loh	full_tree	46	1	0	0	0	0		0	0	0
chr8:91291447-91300345	loh	full_tree	110	2	39	0	0	0		0	0	0
chr11:70879255-70888432	loh	full_tree	1	89	24	0	0	0		0	0	0
chr3:78908824-78942562	neutral	sibling_only	174	227	53	34	229	214	0.934	0	0	0
chr13:72776484-72844363	loh	full_tree	102	37	284	0	0	0		0	0	0
chr8:61402948-61415187	loh	full_tree	159	1	10	0	0	0		0	0	0
chr12:132557304-132563011	loh	full_tree	91	3	16	0	0	0		0	0	0
chr6:101808188-101883107	loh	full_tree	2	221	136	0	0	0		0	0	0
chr21:10330070-10358257	neutral	full_tree	884	180	217	113	816	741	0.908	66	1	0
chr2:223827191-223852036	neutral	linear_nested	34	96	164	0	0	0		0	0	0
chr6:164170908-164188447	loh	full_tree	0	120	17	0	0	0		0	0	0
chr7:21558013-21573450	loh	full_tree	63	0	75	0	0	0		0	0	0
chr10:86009126-86017895	loh	full_tree	98	1	12	0	0	0		0	0	0
chr11:101156286-101177943	loh	linear_nested	164	0	26	0	0	0		0	0	0
chr17:27147004-27157994	loh	full_tree	1	130	2	0	0	0		0	0	0
chr17:48357368-48365161	loh	full_tree	110	0	2	0	0	0		0	0	0
chr1:7500258-7500398	loh	full_tree	1	65	0	0	0	0		0	0	0
chr1:57352048-57356097	loh	full_tree	84	0	2	0	0	0		0	0	0
chr2:124328703-124354937	loh	full_tree	4	197	22	0	0	0		0	0	0
chr3:118416245-118431583	loh	full_tree	0	128	8	0	0	0		0	0	0
chr5:64276850-64294315	loh	sibling_only	78	1	62	0	0	0		0	0	0
chr5:72534548-72541165	loh	full_tree	96	1	20	0	0	0		0	0	0
chr5:112399625-112415165	loh	sibling_only	113	1	31	0	0	0		0	0	0
chr5:119701911-119716464	loh	full_tree	84	3	41	0	0	0		0	0	0
chr5:171677602-171694829	loh	full_tree	2	228	15	0	0	0		0	0	0
chr6:112651643-112663326	loh	full_tree	171	0	40	0	0	0		0	0	0
chr8:22725703-22747662	loh	full_tree	0	162	44	0	0	0		0	0	0
chr8:46668377-46684421	loh	full_tree	0	128	27	0	0	0		0	0	0
chr8:58338760-58349709	loh	sibling_only	0	0	203	0	0	0		0	0	0
chr8:92045604-92049056	loh	full_tree	114	2	0	0	0	0		0	0	0
chr9:18375981-18394066	loh	full_tree	146	1	29	0	0	0		0	0	0
chr10:99035284-99060233	loh	full_tree	1	149	99	0	0	0		0	0	0
chr10:125007013-125014690	loh	full_tree	159	0	50	0	0	0		0	0	0
chr10:131800339-131819860	loh	full_tree	2	261	65	0	0	0		0	0	0
chr11:39795758-39815337	loh	full_tree	118	0	60	0	0	0		0	0	0
chr12:97632597-97635740	loh	full_tree	0	54	4	0	0	0		0	0	0
chr13:95064297-95077922	loh	sibling_only	104	0	8	0	0	0		0	0	0
chr18:4442473-4465873	loh	full_tree	165	0	57	0	0	0		0	0	0
chr12:128702476-128886628	loh	linear_nested	144	91	884	0	0	0		0	0	0
chr8:93381433-93489243	loh	sibling_only	122	140	744	0	0	0		0	0	0
chr2:199766356-199790920	neutral	full_tree	153	80	40	16	85	85	1.0	1	1	0
chr15:17079385-17079804	neutral	linear_nested	68	0	0	0	0	0		0	0	0
chr4:39436884-39460442	neutral	sibling_only	94	27	180	0	0	0		0	0	0
chr5:113855568-113871062	loh	linear_nested	109	0	19	0	0	0		0	0	0
chr6:110376615-110391015	loh	linear_nested	0	193	6	0	0	0		0	0	0
chr11:20962531-20971942	loh	sibling_only	105	0	6	0	0	0		0	0	0
chr2:18333859-18349559	loh	linear_nested	3	142	14	0	0	0		0	0	0
chr2:128135634-128143485	loh	linear_nested	0	52	43	0	0	0		0	0	0
chr3:71910173-71920849	loh	linear_nested	109	0	6	0	0	0		0	0	0
chr3:77554784-77555786	loh	linear_nested	2	59	0	0	0	0		0	0	0
chr3:81913348-81917506	loh	full_tree	0	63	6	0	0	0		0	0	0
chr3:126650545-126668351	loh	full_tree	31	15	119	0	0	0		0	0	0
chr3:128677864-128694547	loh	linear_nested	45	55	232	0	0	0		0	0	0
chr4:145261686-145262848	loh	full_tree	41	0	2	0	0	0		0	0	0
chr4:156441706-156448641	loh	full_tree	81	0	2	0	0	0		0	0	0
chr4:162376577-162392265	loh	linear_nested	108	1	4	0	0	0		0	0	0
chr4:190108740-190112507	neutral	linear_nested	507	90	25	140	571	556	0.974	3	1	1
chr5:60536738-60553511	loh	linear_nested	157	2	12	0	0	0		0	0	0
chr5:139095924-139109458	loh	linear_nested	99	1	8	0	0	0		0	0	0
chr5:175946003-175946509	loh	linear_nested	84	7	10	0	0	0		0	0	0
chr5:178839731-178862561	loh	linear_nested	0	229	64	0	0	0		0	0	0
chr6:112222431-112245184	loh	linear_nested	1	224	74	0	0	0		0	0	0
chr6:162499407-162508092	loh	linear_nested	4	51	29	0	0	0		0	0	0
chr8:19210340-19215143	loh	sibling_only	86	2	1	0	0	0		0	0	0
chr9:30374811-30375868	loh	linear_nested	4	64	4	0	0	0		0	0	0
chr10:11815399-11823264	loh	full_tree	0	99	1	0	0	0		0	0	0
chr10:17370596-17394221	loh	linear_nested	0	198	34	0	0	0		0	0	0
chr10:111030565-111056521	loh	linear_nested	181	3	47	0	0	0		0	0	0
chr11:24731614-24740365	loh	full_tree	0	114	9	0	0	0		0	0	0
chr11:103894538-103906824	loh	sibling_only	90	3	27	0	0	0		0	0	0
chr13:68162169-68173006	loh	full_tree	94	1	9	0	0	0		0	0	0
chr13:103054961-103079386	loh	linear_nested	0	118	43	0	0	0		0	0	0
chr14:70861465-70881360	loh	full_tree	162	2	21	0	0	0		0	0	0
chr14:73880672-73900269	loh	linear_nested	190	2	11	0	0	0		0	0	0
chr18:3281734-3299083	loh	linear_nested	147	0	30	0	0	0		0	0	0
chr19:57565644-57582974	loh	sibling_only	1	194	42	0	0	0		0	0	0
chr21:35830844-35837363	neutral	linear_nested	48	40	7	4	19	18	0.947	0	0	0
chr3:194404912-194417985	loh	sibling_only	10	7	97	0	0	0		0	0	0
chr3:59794636-59802951	loh	linear_nested	2	57	55	0	0	0		0	0	0
chr3:126806293-126820819	loh	sibling_only	0	52	82	0	0	0		0	0	0
chr4:152733270-152739908	loh	linear_nested	33	0	40	0	0	0		0	0	0
chr4:174778828-174790589	loh	sibling_only	3	8	100	0	0	0		0	0	0
chr5:173111092-173143076	loh	sibling_only	305	6	47	0	0	0		0	0	0
chr6:162254431-162270540	loh	linear_nested	8	6	112	0	0	0		0	0	0
chr8:87281669-87315420	loh	sibling_only	211	28	224	8	87	86	0.989	0	1	0
chr13:85471178-85481811	loh	sibling_only	55	5	50	0	0	0		0	0	0
chr1:38089079-38091426	loh	linear_nested	23	0	36	0	0	0		0	0	0
chr1:39714746-39718326	loh	linear_nested	119	6	1	0	0	0		0	0	0
chr1:55001729-55033555	loh	sibling_only	4	199	16	0	0	0		0	0	0
chr1:68682105-68701931	loh	sibling_only	153	0	12	0	0	0		0	0	0
chr1:78854076-78873994	loh	linear_nested	211	2	3	0	0	0		0	0	0
chr2:199690690-199705268	neutral	linear_nested	113	63	11	6	23	22	0.957	0	0	0
chr2:204644837-204648404	neutral	linear_nested	45	59	21	23	89	88	0.989	4	0	0
chr2:213115883-213135254	neutral	sibling_only	75	38	138	0	0	0		0	0	0
chr3:59496505-59505094	loh	linear_nested	1	108	3	0	0	0		0	0	0
chr3:97100673-97101335	loh	linear_nested	26	0	38	0	0	0		0	0	0
chr3:116124626-116130457	loh	linear_nested	81	0	22	0	0	0		0	0	0
chr4:10862243-10863078	loh	linear_nested	0	52	1	0	0	0		0	0	0
chr4:152824289-152841811	loh	sibling_only	5	3	144	0	0	0		0	0	0
chr4:164306025-164320657	loh	linear_nested	7	38	96	0	0	0		0	0	0
chr5:73285870-73305142	loh	linear_nested	3	162	15	0	0	0		0	0	0
chr5:82960450-82979955	loh	linear_nested	6	126	41	0	0	0		0	0	0
chr5:170542421-170563845	loh	linear_nested	185	2	45	0	0	0		0	0	0
chr5:173769135-173786784	loh	sibling_only	194	0	37	0	0	0		0	0	0
chr5:175313830-175335678	loh	sibling_only	150	0	91	0	0	0		0	0	0
chr6:162361269-162364468	loh	sibling_only	44	1	19	0	0	0		0	0	0
chr6:164671434-164695550	loh	linear_nested	1	154	28	0	0	0		0	0	0
chr6:165959230-165980348	loh	sibling_only	3	154	11	0	0	0		0	0	0
chr6:166188122-166201633	loh	linear_nested	3	103	5	0	0	0		0	0	0
chr8:13987667-13993995	loh	linear_nested	0	83	2	0	0	0		0	0	0
chr8:61148458-61188388	loh	sibling_only	299	5	111	0	0	0		0	0	0
chr8:89619503-89637367	loh	sibling_only	8	119	130	0	0	0		0	0	0
chr8:90456845-90481047	loh	linear_nested	9	115	154	0	0	0		0	0	0
chr9:28572235-28577820	loh	sibling_only	3	1	107	0	0	0		0	0	0
chr9:112012048-112020957	loh	linear_nested	34	1	88	0	0	0		0	0	0
chr9:113369792-113387776	loh	linear_nested	130	1	10	0	0	0		0	0	0
chr9:124807065-124816793	loh	linear_nested	0	87	45	0	0	0		0	0	0
chr10:7289953-7316916	loh	sibling_only	150	1	50	0	0	0		0	0	0
chr10:13740500-13760920	loh	linear_nested	4	166	18	0	0	0		0	0	0
chr10:70493807-70515910	loh	linear_nested	0	176	32	0	0	0		0	0	0
chr11:87189386-87204396	loh	linear_nested	119	4	15	0	0	0		0	0	0
chr11:104128400-104158264	loh	linear_nested	218	1	16	0	0	0		0	0	0
chr11:109325771-109334479	loh	linear_nested	0	74	22	0	0	0		0	0	0
chr11:130805184-130823355	loh	linear_nested	0	121	8	0	0	0		0	0	0
chr12:66178439-66180098	loh	linear_nested	1	61	14	0	0	0		0	0	0
chr12:77758151-77763339	loh	linear_nested	39	1	37	0	0	0		0	0	0
chr12:86372617-86392182	loh	linear_nested	6	153	27	0	0	0		0	0	0
chr12:126467091-126488028	loh	linear_nested	5	93	93	1	0	0		0	1	0
chr13:86145243-86155140	loh	linear_nested	3	97	9	0	0	0		0	0	0
chr17:51866238-51881297	loh	sibling_only	47	1	88	0	0	0		0	0	0
chr17:82593283-82600290	loh	sibling_only	0	221	19	0	0	0		0	0	0
chr21:10004846-10022977	neutral	sibling_only	81	197	28	64	239	235	0.983	10	0	0
chr21:22306211-22315240	neutral	linear_nested	50	37	6	5	10	10	1.0	0	0	0
chr21:42122643-42131981	neutral	sibling_only	51	43	29	0	0	0		0	0	0
chr1:4197610-4216895	loh	linear_nested	0	111	35	0	0	0		0	0	0
chr1:5816053-5816054	loh	linear_nested	58	1	0	0	0	0		0	0	0
chr1:6740860-6754743	loh	sibling_only	148	4	14	0	0	0		0	0	0
chr1:9095521-9095522	loh	linear_nested	56	0	6	0	0	0		0	0	0
chr1:37368770-37369340	loh	linear_nested	69	1	1	0	0	0		0	0	0
chr1:39189499-39195231	loh	sibling_only	124	0	17	0	0	0		0	0	0
chr1:55395827-55412239	loh	sibling_only	2	151	16	0	0	0		0	0	0
chr1:57126357-57134064	loh	linear_nested	71	0	14	0	0	0		0	0	0
chr1:58061351-58061920	loh	linear_nested	64	0	1	0	0	0		0	0	0
chr1:58876875-58900595	loh	sibling_only	182	3	18	0	0	0		0	0	0
chr1:59186193-59188830	loh	sibling_only	59	0	11	0	0	0		0	0	0
chr1:63127902-63138828	loh	linear_nested	118	0	9	0	0	0		0	0	0
chr1:64399552-64420373	loh	sibling_only	160	1	17	0	0	0		0	0	0
chr1:65938816-65944395	loh	linear_nested	0	75	37	0	0	0		0	0	0
chr1:66491091-66506467	loh	linear_nested	1	144	3	0	0	0		0	0	0
chr1:66767052-66774696	loh	sibling_only	1	71	33	0	0	0		0	0	0
chr1:68837418-68849100	loh	linear_nested	8	49	57	0	0	0		0	0	0
chr1:69391306-69396161	loh	sibling_only	3	77	2	0	0	0		0	0	0
chr1:76677265-76696659	loh	sibling_only	8	55	109	0	0	0		0	0	0
chr1:97324729-97347074	loh	sibling_only	3	173	27	0	0	0		0	0	0
chr1:99386148-99403848	loh	sibling_only	2	125	45	0	0	0		0	0	0
chr1:100401752-100402243	loh	sibling_only	0	70	2	0	0	0		0	0	0
chr1:100622657-100643833	loh	sibling_only	148	0	57	0	0	0		0	0	0
chr1:102554120-102564177	loh	sibling_only	74	1	47	0	0	0		0	0	0
chr1:103149490-103163747	loh	sibling_only	143	1	1	0	0	0		0	0	0
chr1:104007186-104027802	loh	linear_nested	17	9	132	0	0	0		0	0	0
chr1:105887475-105903120	loh	sibling_only	1	107	33	0	0	0		0	0	0
chr1:106002287-106026213	loh	sibling_only	8	125	53	2	0	0		0	1	0
chr1:107263744-107284188	loh	linear_nested	168	3	11	0	0	0		0	0	0
chr1:109062066-109079886	loh	sibling_only	1	84	77	0	0	0		0	0	0
chr1:111380161-111386414	loh	linear_nested	47	2	30	0	0	0		0	0	0
chr1:115509841-115517405	loh	sibling_only	2	60	15	0	0	0		0	0	0
chr1:115776450-115777636	loh	sibling_only	0	72	4	0	0	0		0	0	0
chr2:10954375-10975834	loh	sibling_only	154	1	29	0	0	0		0	0	0
chr2:11489170-11494139	loh	sibling_only	50	2	26	0	0	0		0	0	0
chr2:11746423-11765156	loh	sibling_only	128	0	9	0	0	0		0	0	0
chr2:18537199-18540517	loh	linear_nested	2	82	3	0	0	0		0	0	0
chr2:19798683-19809889	loh	linear_nested	1	83	18	0	0	0		0	0	0
chr2:19975005-19975745	loh	linear_nested	0	68	1	0	0	0		0	0	0
chr2:20390709-20396930	loh	linear_nested	1	88	3	0	0	0		0	0	0
chr2:20723482-20732512	loh	sibling_only	0	100	0	0	0	0		0	0	0
chr2:21898626-21921212	loh	linear_nested	1	91	64	0	0	0		0	0	0
chr2:22075248-22088811	loh	linear_nested	0	65	46	0	0	0		0	0	0
chr2:22211556-22219752	loh	linear_nested	1	92	4	0	0	0		0	0	0
chr2:23060438-23070842	loh	sibling_only	1	79	15	0	0	0		0	0	0
chr2:25211215-25233971	loh	sibling_only	6	125	33	0	0	0		0	0	0
chr2:25710699-25726034	loh	sibling_only	1	190	48	0	0	0		0	0	0
chr2:25783210-25814115	loh	linear_nested	2	268	74	0	0	0		0	0	0
chr2:27157868-27159603	loh	sibling_only	0	101	2	0	0	0		0	0	0
chr2:28148493-28163191	loh	sibling_only	210	0	13	0	0	0		0	0	0
chr2:34997368-34999568	loh	linear_nested	62	0	14	0	0	0		0	0	0
chr2:40386533-40392699	loh	linear_nested	89	1	3	0	0	0		0	0	0
chr2:41192940-41217493	loh	linear_nested	3	164	42	0	0	0		0	0	0
chr2:41825915-41832128	loh	sibling_only	2	73	3	0	0	0		0	0	0
chr2:44145415-44146489	loh	linear_nested	0	44	3	0	0	0		0	0	0
chr2:64298534-64328095	loh	linear_nested	200	2	14	0	0	0		0	0	0
chr2:66345722-66372449	loh	linear_nested	0	182	46	0	0	0		0	0	0
chr2:66830171-66832980	loh	linear_nested	73	0	2	0	0	0		0	0	0
chr2:67594793-67610243	loh	linear_nested	1	129	12	0	0	0		0	0	0
chr2:71968019-71977091	loh	linear_nested	0	105	16	0	0	0		0	0	0
chr2:74092356-74092536	loh	linear_nested	61	0	1	0	0	0		0	0	0
chr2:74968342-74969235	loh	sibling_only	17	2	59	0	0	0		0	0	0
chr2:77728172-77747605	loh	linear_nested	2	146	20	0	0	0		0	0	0
chr2:79449096-79472404	loh	sibling_only	176	5	22	2	0	0		0	1	0
chr2:81877510-81881312	loh	sibling_only	0	75	0	0	0	0		0	0	0
chr2:83042762-83068238	loh	linear_nested	1	79	128	0	0	0		0	0	0
chr2:119076378-119088426	loh	linear_nested	127	2	5	0	0	0		0	0	0
chr2:120305664-120308260	loh	linear_nested	0	55	6	0	0	0		0	0	0
chr2:122591059-122604187	loh	linear_nested	76	1	63	0	0	0		0	0	0
chr2:125379636-125401274	loh	sibling_only	225	0	17	0	0	0		0	0	0
chr2:126988728-127009191	loh	linear_nested	1	61	123	0	0	0		0	0	0
chr2:131629605-131637193	loh	linear_nested	112	0	5	0	0	0		0	0	0
chr2:132606760-132609175	loh	linear_nested	65	0	11	0	0	0		0	0	0
chr2:136648247-136658749	loh	linear_nested	4	111	5	0	0	0		0	0	0
chr2:137328445-137343323	loh	linear_nested	2	137	5	0	0	0		0	0	0
chr2:141461253-141469161	loh	linear_nested	73	1	2	0	0	0		0	0	0
chr2:199383884-199402599	neutral	linear_nested	132	56	94	56	164	159	0.97	9	1	0
chr2:201435942-201456496	neutral	linear_nested	82	161	38	6	39	37	0.949	0	0	0
chr2:207617973-207622782	neutral	sibling_only	65	43	17	0	0	0		0	0	0
chr2:213311599-213332211	neutral	linear_nested	89	50	110	0	0	0		0	0	0
chr2:214960978-214976226	neutral	linear_nested	50	25	159	4	15	15	1.0	1	0	0
chr2:216198634-216203776	neutral	sibling_only	64	25	22	0	0	0		0	0	0
chr2:216540437-216542208	neutral	linear_nested	56	18	20	0	0	0		0	0	0
chr2:216708335-216725849	neutral	linear_nested	80	45	95	1	0	0		0	0	0
chr2:221508188-221513630	neutral	linear_nested	76	41	7	0	0	0		0	0	0
chr3:57899167-57899171	loh	linear_nested	90	0	0	0	0	0		0	0	0
chr3:64040321-64044905	loh	linear_nested	65	0	5	0	0	0		0	0	0
chr3:69912054-69912072	loh	linear_nested	2	43	2	0	0	0		0	0	0
chr3:73294928-73301998	loh	linear_nested	0	74	3	0	0	0		0	0	0
chr3:96125083-96150033	loh	linear_nested	193	0	40	0	0	0		0	0	0
chr3:101074316-101097240	loh	linear_nested	5	222	15	0	0	0		0	0	0
chr3:103492614-103510219	loh	linear_nested	94	1	71	0	0	0		0	0	0
chr3:107472671-107481836	loh	linear_nested	0	106	9	0	0	0		0	0	0
chr3:109165172-109184626	loh	linear_nested	136	1	17	0	0	0		0	0	0
chr3:109471814-109475185	loh	linear_nested	2	53	1	0	0	0		0	0	0
chr3:110696080-110710276	loh	linear_nested	0	151	4	0	0	0		0	0	0
chr3:112150091-112156147	loh	linear_nested	2	79	7	0	0	0		0	0	0
chr3:117993717-118010892	loh	linear_nested	2	118	34	0	0	0		0	0	0
chr3:125828766-125834818	loh	sibling_only	0	73	5	0	0	0		0	0	0
chr3:128944040-128967818	loh	sibling_only	299	5	28	0	0	0		0	0	0
chr3:129561740-129587014	loh	sibling_only	221	4	127	0	0	0		0	0	0
chr3:194538060-194552948	loh	linear_nested	110	1	5	0	0	0		0	0	0
chr3:194821159-194852424	loh	linear_nested	168	2	29	0	0	0		0	0	0
chr3:197035423-197049240	loh	linear_nested	94	0	33	0	0	0		0	0	0
chr4:64735-69161	neutral	linear_nested	7	71	15	0	0	0		0	0	0
chr4:137686-139136	neutral	sibling_only	1	61	7	0	0	0		0	0	0
chr4:436127-442068	neutral	sibling_only	1	88	8	0	0	0		0	0	0
chr4:1573231-1591236	loh	sibling_only	2	153	9	0	0	0		0	0	0
chr4:4375851-4376925	loh	linear_nested	0	61	7	0	0	0		0	0	0
chr4:4492684-4497417	loh	linear_nested	3	64	17	0	0	0		0	0	0
chr4:6586581-6592568	loh	sibling_only	0	67	27	0	0	0		0	0	0
chr4:7512449-7528810	loh	sibling_only	1	114	27	0	0	0		0	0	0
chr4:138076468-138095290	loh	linear_nested	100	0	13	0	0	0		0	0	0
chr4:140560981-140576635	loh	linear_nested	100	1	34	0	0	0		0	0	0
chr4:141126654-141143584	loh	sibling_only	0	0	124	0	0	0		0	0	0
chr4:146316714-146331512	loh	linear_nested	93	1	13	0	0	0		0	0	0
chr4:148648480-148659248	loh	linear_nested	0	95	8	0	0	0		0	0	0
chr4:149408927-149412344	loh	linear_nested	0	68	1	0	0	0		0	0	0
chr4:158569527-158579364	loh	sibling_only	1	61	17	0	0	0		0	0	0
chr4:158996394-158997249	loh	linear_nested	1	32	15	0	0	0		0	0	0
chr4:162016119-162016164	loh	linear_nested	0	44	0	0	0	0		0	0	0
chr4:162197743-162211216	loh	linear_nested	3	86	10	0	0	0		0	0	0
chr4:163628077-163642286	loh	sibling_only	1	92	34	0	0	0		0	0	0
chr4:165508050-165513456	loh	linear_nested	72	0	9	0	0	0		0	0	0
chr4:166360172-166377966	loh	sibling_only	99	0	35	0	0	0		0	0	0
chr4:167248247-167258940	loh	linear_nested	96	1	26	0	0	0		0	0	0
chr4:167655942-167659486	loh	sibling_only	65	1	1	0	0	0		0	0	0
chr4:168604773-168615763	loh	sibling_only	0	99	8	0	0	0		0	0	0
chr4:170829685-170834344	loh	linear_nested	2	22	62	0	0	0		0	0	0
chr4:174418570-174443584	loh	linear_nested	3	204	31	0	0	0		0	0	0
chr4:174611590-174612498	loh	sibling_only	2	60	0	0	0	0		0	0	0
chr4:176565327-176576527	loh	linear_nested	69	0	63	0	0	0		0	0	0
chr4:185471145-185471147	loh	linear_nested	2	61	2	0	0	0		0	0	0
chr5:54142642-54148960	loh	sibling_only	0	85	12	0	0	0		0	0	0
chr5:54322492-54339070	loh	sibling_only	0	126	10	0	0	0		0	0	0
chr5:58141764-58149434	loh	linear_nested	1	114	13	0	0	0		0	0	0
chr5:61275448-61297054	loh	sibling_only	146	2	36	0	0	0		0	0	0
chr5:61730798-61740675	loh	sibling_only	1	111	6	0	0	0		0	0	0
chr5:65304843-65317878	loh	linear_nested	2	118	25	0	0	0		0	0	0
chr5:67839121-67839638	loh	linear_nested	71	0	1	0	0	0		0	0	0
chr5:68001406-68005260	loh	linear_nested	80	0	2	0	0	0		0	0	0
chr5:68756926-68756955	loh	linear_nested	53	0	1	0	0	0		0	0	0
chr5:71469724-71470074	loh	linear_nested	0	53	1	0	0	0		0	0	0
chr5:74978122-74978123	loh	linear_nested	1	53	2	0	0	0		0	0	0
chr5:75029008-75033677	loh	sibling_only	0	59	7	0	0	0		0	0	0
chr5:81022580-81045287	loh	sibling_only	89	0	98	0	0	0		0	0	0
chr5:83511229-83511230	loh	linear_nested	52	1	1	0	0	0		0	0	0
chr5:83919584-83944390	loh	linear_nested	9	165	38	0	0	0		0	0	0
chr5:87830078-87831563	loh	linear_nested	71	2	3	0	0	0		0	0	0
chr5:88350542-88351330	loh	linear_nested	48	2	7	0	0	0		0	0	0
chr5:89649339-89655991	loh	linear_nested	83	1	10	0	0	0		0	0	0
chr5:90234134-90239693	loh	linear_nested	83	1	11	0	0	0		0	0	0
chr5:95434531-95438094	loh	linear_nested	0	65	1	0	0	0		0	0	0
chr5:96538609-96540183	loh	linear_nested	0	68	0	0	0	0		0	0	0
chr5:99288426-99292130	loh	linear_nested	0	77	10	0	0	0		0	0	0
chr5:102020593-102036323	loh	linear_nested	0	147	8	0	0	0		0	0	0
chr5:102090218-102090219	loh	linear_nested	0	49	4	0	0	0		0	0	0
chr5:104101438-104111871	loh	linear_nested	61	1	62	0	0	0		0	0	0
chr5:104389322-104389375	loh	sibling_only	49	0	0	0	0	0		0	0	0
chr5:105074726-105080999	loh	linear_nested	68	0	29	0	0	0		0	0	0
chr5:105153577-105155943	loh	linear_nested	0	60	0	0	0	0		0	0	0
chr5:106536814-106557886	loh	linear_nested	115	4	62	0	0	0		0	0	0
chr5:112134505-112142931	loh	sibling_only	85	2	36	0	0	0		0	0	0
chr5:113137184-113156896	loh	linear_nested	191	1	31	0	0	0		0	0	0
chr5:114632116-114646617	loh	sibling_only	121	3	11	0	0	0		0	0	0
chr5:115536069-115549090	loh	linear_nested	94	1	51	0	0	0		0	0	0
chr5:115787162-115797923	loh	linear_nested	134	5	6	0	0	0		0	0	0
chr5:116101979-116102763	loh	linear_nested	50	0	0	0	0	0		0	0	0
chr5:119123804-119136536	loh	sibling_only	108	1	12	0	0	0		0	0	0
chr5:119531597-119555082	loh	sibling_only	168	6	30	0	0	0		0	0	0
chr5:121858284-121870939	loh	sibling_only	1	114	12	0	0	0		0	0	0
chr5:122192659-122204608	loh	linear_nested	1	95	32	0	0	0		0	0	0
chr5:124889702-124910960	loh	linear_nested	3	150	35	0	0	0		0	0	0
chr5:125051879-125078092	loh	linear_nested	2	135	63	0	0	0		0	0	0
chr5:131805021-131823262	loh	linear_nested	4	97	83	0	0	0		0	0	0
chr5:133242838-133259575	loh	sibling_only	78	2	39	0	0	0		0	0	0
chr5:133900666-133920288	loh	sibling_only	1	65	95	0	0	0		0	0	0
chr5:138402289-138421367	loh	linear_nested	84	0	55	0	0	0		0	0	0
chr5:156360505-156363216	loh	sibling_only	0	90	6	0	0	0		0	0	0
chr5:159736550-159748702	loh	linear_nested	162	1	31	0	0	0		0	0	0
chr5:160193805-160199483	loh	linear_nested	126	2	3	0	0	0		0	0	0
chr5:160354994-160364417	loh	sibling_only	147	4	7	0	0	0		0	0	0
chr5:160736116-160751951	loh	sibling_only	1	162	32	0	0	0		0	0	0
chr5:160932863-160952474	loh	sibling_only	3	238	8	0	0	0		0	0	0
chr5:161193846-161207753	loh	linear_nested	0	204	5	0	0	0		0	0	0
chr5:162604952-162612474	loh	linear_nested	1	105	40	0	0	0		0	0	0
chr5:163367491-163391658	loh	sibling_only	224	1	68	0	0	0		0	0	0
chr5:164690651-164700128	loh	sibling_only	1	95	35	0	0	0		0	0	0
chr5:168538994-168547578	loh	sibling_only	0	118	40	0	0	0		0	0	0
chr5:172813089-172825155	loh	linear_nested	177	0	5	0	0	0		0	0	0
chr5:173280082-173296936	loh	linear_nested	200	1	5	0	0	0		0	0	0
chr5:173487654-173489918	loh	sibling_only	75	4	15	0	0	0		0	0	0
chr5:174146452-174163124	loh	linear_nested	132	1	63	0	0	0		0	0	0
chr5:174582648-174589674	loh	sibling_only	109	0	4	0	0	0		0	0	0
chr5:175820243-175838837	loh	sibling_only	203	3	14	0	0	0		0	0	0
chr5:176844944-176849796	loh	linear_nested	25	31	69	0	0	0		0	0	0
chr5:177566617-177583396	loh	sibling_only	2	240	20	0	0	0		0	0	0
chr5:178156914-178180434	loh	sibling_only	0	170	86	0	0	0		0	0	0
chr5:178650247-178673985	loh	sibling_only	0	171	71	0	0	0		0	0	0
chr5:179820845-179821847	loh	sibling_only	84	0	4	0	0	0		0	0	0
chr5:181141570-181148146	loh	sibling_only	132	0	1	0	0	0		0	0	0
chr6:64213057-64225139	neutral	linear_nested	43	38	23	57	71	71	1.0	8	0	0
chr6:66616171-66641233	neutral	sibling_only	32	55	90	46	73	72	0.986	22	0	0
chr6:98540124-98548127	loh	sibling_only	4	88	17	0	0	0		0	0	0
chr6:106112590-106127363	loh	linear_nested	2	132	62	0	0	0		0	0	0
chr6:110537967-110547635	loh	sibling_only	0	156	7	0	0	0		0	0	0
chr6:110664010-110671803	loh	linear_nested	0	133	12	0	0	0		0	0	0
chr6:112448922-112453616	loh	linear_nested	0	97	14	0	0	0		0	0	0
chr6:112825894-112839871	loh	sibling_only	1	149	45	0	0	0		0	0	0
chr6:113024475-113031430	loh	linear_nested	0	117	21	0	0	0		0	0	0
chr6:113656066-113656484	loh	linear_nested	3	72	1	0	0	0		0	0	0
chr6:114251352-114279531	loh	linear_nested	7	233	99	17	53	53	1.0	11	1	0
chr6:165516686-165522573	loh	sibling_only	2	56	4	0	0	0		0	0	0
chr7:21248382-21272721	loh	sibling_only	184	1	5	0	0	0		0	0	0
chr7:22583038-22586017	loh	linear_nested	79	0	2	0	0	0		0	0	0
chr8:1337508-1338808	loh	sibling_only	73	1	0	0	0	0		0	0	0
chr8:1517909-1541908	loh	linear_nested	156	2	14	0	0	0		0	0	0
chr8:3631242-3643201	loh	sibling_only	78	2	72	0	0	0		0	0	0
chr8:4847314-4852623	loh	linear_nested	15	16	40	0	0	0		0	0	0
chr8:5123470-5123472	loh	linear_nested	0	51	0	0	0	0		0	0	0
chr8:5274663-5296404	loh	linear_nested	2	139	45	0	0	0		0	0	0
chr8:6226483-6226905	loh	linear_nested	53	1	3	0	0	0		0	0	0
chr8:11043222-11043526	loh	linear_nested	2	55	0	0	0	0		0	0	0
chr8:13374094-13383810	loh	linear_nested	4	99	1	9	26	26	1.0	0	1	0
chr8:14788337-14790950	loh	linear_nested	0	66	0	0	0	0		0	0	0
chr8:17624281-17641183	loh	linear_nested	142	1	11	0	0	0		0	0	0
chr8:17729196-17741357	loh	linear_nested	99	2	28	0	0	0		0	0	0
chr8:18475254-18476378	loh	sibling_only	1	74	1	0	0	0		0	0	0
chr8:21223781-21229698	loh	linear_nested	44	0	24	0	0	0		0	0	0
chr8:26682509-26683264	loh	linear_nested	57	1	0	0	0	0		0	0	0
chr8:29829811-29851209	loh	linear_nested	99	0	82	0	0	0		0	0	0
chr8:31635092-31653861	loh	sibling_only	149	0	21	0	0	0		0	0	0
chr8:32391104-32397575	loh	linear_nested	69	0	9	0	0	0		0	0	0
chr8:40628597-40648496	loh	linear_nested	2	168	22	0	0	0		0	0	0
chr8:41611677-41631790	loh	sibling_only	0	162	6	0	0	0		0	0	0
chr8:42229577-42245356	loh	linear_nested	2	108	17	0	0	0		0	0	0
chr8:56112005-56125555	loh	linear_nested	208	0	5	0	0	0		0	0	0
chr8:56192765-56200061	loh	linear_nested	109	4	16	0	0	0		0	0	0
chr8:56629236-56644762	loh	sibling_only	211	0	30	0	0	0		0	0	0
chr8:59310456-59326334	loh	sibling_only	2	108	112	0	0	0		0	0	0
chr8:63236833-63246740	loh	linear_nested	110	1	50	0	0	0		0	0	0
chr8:89306858-89330223	loh	linear_nested	1	262	17	0	0	0		0	0	0
chr8:92377994-92379554	loh	sibling_only	99	0	18	0	0	0		0	0	0
chr8:94620688-94627688	loh	sibling_only	142	0	5	0	0	0		0	0	0
chr8:98951689-98974216	loh	sibling_only	96	0	193	0	0	0		0	0	0
chr8:100198593-100215194	loh	sibling_only	5	152	60	0	0	0		0	0	0
chr8:101027250-101037148	loh	sibling_only	0	66	109	0	0	0		0	0	0
chr9:15575399-15585629	loh	sibling_only	0	86	10	0	0	0		0	0	0
chr9:19820131-19832591	loh	sibling_only	106	1	16	0	0	0		0	0	0
chr9:20150471-20154913	loh	sibling_only	1	70	2	0	0	0		0	0	0
chr9:20396185-20405605	loh	linear_nested	1	54	38	0	0	0		0	0	0
chr9:24356336-24377761	loh	linear_nested	132	1	55	0	0	0		0	0	0
chr9:26744813-26760297	loh	linear_nested	131	1	7	0	0	0		0	0	0
chr9:28467775-28481137	loh	linear_nested	122	1	2	0	0	0		0	0	0
chr9:29386359-29398141	loh	sibling_only	114	0	27	0	0	0		0	0	0
chr9:35495284-35512912	loh	sibling_only	122	4	38	0	0	0		0	0	0
chr9:36801939-36807140	loh	sibling_only	74	0	3	0	0	0		0	0	0
chr9:114492283-114510082	loh	linear_nested	103	7	54	0	0	0		0	0	0
chr9:118471674-118480901	loh	linear_nested	78	1	43	0	0	0		0	0	0
chr9:120372986-120372993	loh	linear_nested	1	61	0	0	0	0		0	0	0
chr9:124153717-124163156	loh	linear_nested	0	123	7	0	0	0		0	0	0
chr9:128009808-128026805	loh	sibling_only	138	3	19	0	0	0		0	0	0
chr10:3528212-3533305	loh	linear_nested	75	1	2	0	0	0		0	0	0
chr10:6216956-6227914	loh	linear_nested	3	111	19	0	0	0		0	0	0
chr10:10555424-10564761	loh	linear_nested	71	0	32	0	0	0		0	0	0
chr10:13005082-13027428	loh	linear_nested	0	209	8	0	0	0		0	0	0
chr10:15607106-15613056	loh	sibling_only	91	0	4	0	0	0		0	0	0
chr10:19017296-19033680	loh	linear_nested	1	112	22	0	0	0		0	0	0
chr10:21636003-21647579	loh	sibling_only	117	1	28	0	0	0		0	0	0
chr10:26983769-26992507	loh	linear_nested	3	111	10	0	0	0		0	0	0
chr10:28910188-28917865	loh	linear_nested	0	83	5	0	0	0		0	0	0
chr10:31532875-31536696	loh	linear_nested	0	58	17	0	0	0		0	0	0
chr10:65226050-65231844	loh	linear_nested	1	91	0	0	0	0		0	0	0
chr10:69191920-69191921	loh	linear_nested	0	60	4	0	0	0		0	0	0
chr10:69308253-69327127	loh	linear_nested	2	132	17	0	0	0		0	0	0
chr10:74454002-74473217	loh	sibling_only	76	0	114	0	0	0		0	0	0
chr10:75335062-75344238	loh	linear_nested	10	12	80	0	0	0		0	0	0
chr10:75992384-76001460	loh	linear_nested	0	95	6	0	0	0		0	0	0
chr10:78535805-78536184	loh	sibling_only	0	48	9	0	0	0		0	0	0
chr10:78930065-78932874	loh	linear_nested	0	63	5	0	0	0		0	0	0
chr10:80651138-80658308	loh	linear_nested	74	0	15	0	0	0		0	0	0
chr10:88989478-88994803	loh	linear_nested	2	84	6	0	0	0		0	0	0
chr10:89623610-89635145	loh	linear_nested	75	3	57	0	0	0		0	0	0
chr10:92538780-92549895	loh	sibling_only	104	1	41	0	0	0		0	0	0
chr10:94078889-94084464	loh	linear_nested	0	85	8	0	0	0		0	0	0
chr10:94482092-94504260	loh	linear_nested	6	148	32	0	0	0		0	0	0
chr10:96337120-96353123	loh	linear_nested	1	107	39	0	0	0		0	0	0
chr10:99484522-99484523	loh	linear_nested	4	34	9	0	0	0		0	0	0
chr10:99967582-99967609	loh	linear_nested	0	0	58	0	0	0		0	0	0
chr10:102021876-102022152	loh	linear_nested	1	64	10	0	0	0		0	0	0
chr10:104197252-104212454	loh	linear_nested	130	1	12	0	0	0		0	0	0
chr10:107659640-107674121	loh	linear_nested	1	117	7	0	0	0		0	0	0
chr10:108439944-108471050	loh	linear_nested	2	203	24	0	0	0		0	0	0
chr10:109474486-109489719	loh	linear_nested	0	109	22	0	0	0		0	0	0
chr10:115856570-115862347	loh	sibling_only	56	1	40	0	0	0		0	0	0
chr10:131608446-131610674	loh	sibling_only	0	115	2	0	0	0		0	0	0
chr11:3148978-3169060	loh	linear_nested	179	0	32	0	0	0		0	0	0
chr11:7534907-7539006	loh	linear_nested	0	53	2	0	0	0		0	0	0
chr11:9130416-9135540	loh	sibling_only	0	84	2	0	0	0		0	0	0
chr11:9705609-9716560	loh	linear_nested	20	17	91	0	0	0		0	0	0
chr11:11630648-11633826	loh	linear_nested	0	87	4	0	0	0		0	0	0
chr11:12448023-12448024	loh	linear_nested	50	0	12	0	0	0		0	0	0
chr11:22025965-22031966	loh	linear_nested	80	0	6	0	0	0		0	0	0
chr11:23678501-23686191	loh	linear_nested	0	76	18	0	0	0		0	0	0
chr11:29698560-29700709	loh	sibling_only	0	61	10	0	0	0		0	0	0
chr11:31127523-31136105	loh	linear_nested	0	81	11	0	0	0		0	0	0
chr11:32196113-32197253	loh	sibling_only	0	54	0	0	0	0		0	0	0
chr11:32624700-32632656	loh	linear_nested	1	96	8	0	0	0		0	0	0
chr11:34276889-34293300	loh	linear_nested	0	147	19	0	0	0		0	0	0
chr11:36879769-36879771	loh	linear_nested	1	41	7	0	0	0		0	0	0
chr11:38313239-38315451	loh	linear_nested	1	91	2	0	0	0		0	0	0
chr11:39663810-39677940	loh	linear_nested	97	0	37	0	0	0		0	0	0
chr11:42767750-42772773	loh	linear_nested	0	58	29	0	0	0		0	0	0
chr11:44970906-44973110	loh	linear_nested	65	1	1	0	0	0		0	0	0
chr11:46388259-46388260	loh	linear_nested	1	58	5	0	0	0		0	0	0
chr11:72956918-72979333	loh	linear_nested	4	148	29	0	0	0		0	0	0
chr11:80864081-80874286	loh	linear_nested	83	0	19	0	0	0		0	0	0
chr11:81634387-81639585	loh	linear_nested	0	73	6	0	0	0		0	0	0
chr11:85526099-85549969	loh	sibling_only	110	4	96	0	0	0		0	0	0
chr11:87967336-87967655	loh	linear_nested	0	42	3	0	0	0		0	0	0
chr11:90188107-90198888	loh	linear_nested	0	90	17	0	0	0		0	0	0
chr11:90319120-90341342	loh	linear_nested	2	160	20	0	0	0		0	0	0
chr11:91139191-91142579	loh	sibling_only	54	0	12	0	0	0		0	0	0
chr11:94192615-94196924	loh	linear_nested	92	0	1	0	0	0		0	0	0
chr11:95958905-95966822	loh	linear_nested	0	86	32	0	0	0		0	0	0
chr11:98204470-98221374	loh	linear_nested	102	1	30	0	0	0		0	0	0
chr11:98526471-98540278	loh	sibling_only	147	0	7	0	0	0		0	0	0
chr11:101052740-101063757	loh	sibling_only	140	0	10	0	0	0		0	0	0
chr11:107851451-107854384	loh	linear_nested	10	13	40	0	0	0		0	0	0
chr11:109092608-109106890	loh	sibling_only	0	113	5	0	0	0		0	0	0
chr11:109496275-109511178	loh	linear_nested	1	124	7	0	0	0		0	0	0
chr11:112122727-112133525	loh	linear_nested	1	100	19	0	0	0		0	0	0
chr11:118317056-118320662	loh	linear_nested	2	77	8	0	0	0		0	0	0
chr11:119476474-119479445	loh	linear_nested	67	0	4	0	0	0		0	0	0
chr11:120286006-120299526	loh	linear_nested	2	71	55	0	0	0		0	0	0
chr11:121543363-121559171	loh	sibling_only	126	0	11	0	0	0		0	0	0
chr11:121999353-122001391	loh	linear_nested	28	1	39	0	0	0		0	0	0
chr11:122957249-122967540	loh	linear_nested	108	2	4	0	0	0		0	0	0
chr11:123939424-123943667	loh	linear_nested	0	72	4	0	0	0		0	0	0
chr11:130486562-130494260	loh	sibling_only	65	0	26	0	0	0		0	0	0
chr12:39712074-39734772	loh	sibling_only	113	4	68	0	0	0		0	0	0
chr12:40581976-40585649	loh	linear_nested	0	79	1	0	0	0		0	0	0
chr12:42372121-42393409	loh	linear_nested	83	0	88	0	0	0		0	0	0
chr12:43057263-43074964	loh	linear_nested	31	0	136	0	0	0		0	0	0
chr12:44695116-44700004	loh	linear_nested	0	85	8	0	0	0		0	0	0
chr12:49526215-49530304	loh	linear_nested	2	83	7	0	0	0		0	0	0
chr12:50828895-50842418	loh	linear_nested	95	3	54	0	0	0		0	0	0
chr12:51495109-51509737	loh	sibling_only	136	3	24	0	0	0		0	0	0
chr12:60388331-60397007	loh	linear_nested	107	0	3	0	0	0		0	0	0
chr12:61596460-61604175	loh	linear_nested	79	4	7	2	0	0		0	1	0
chr12:61924584-61928685	loh	sibling_only	63	0	25	0	0	0		0	0	0
chr12:63222098-63224952	loh	linear_nested	75	1	6	0	0	0		0	0	0
chr12:65746245-65751919	loh	linear_nested	83	0	2	0	0	0		0	0	0
chr12:67218141-67231309	loh	linear_nested	1	89	32	0	0	0		0	0	0
chr12:67311543-67311546	loh	linear_nested	6	11	43	0	0	0		0	0	0
chr12:69702037-69702134	loh	linear_nested	53	0	0	0	0	0		0	0	0
chr12:78223495-78227813	loh	linear_nested	85	0	4	0	0	0		0	0	0
chr12:78321695-78337010	loh	linear_nested	132	1	21	0	0	0		0	0	0
chr12:79638373-79653488	loh	linear_nested	2	112	31	0	0	0		0	0	0
chr12:87203096-87225939	loh	linear_nested	107	3	89	0	0	0		0	0	0
chr12:90529212-90547203	loh	sibling_only	1	165	16	0	0	0		0	0	0
chr12:93263946-93265599	loh	linear_nested	56	3	0	0	0	0		0	0	0
chr12:94683538-94693536	loh	linear_nested	1	88	6	0	0	0		0	0	0
chr12:95220219-95220471	loh	linear_nested	1	10	53	0	0	0		0	0	0
chr12:96531827-96532387	loh	linear_nested	4	63	0	0	0	0		0	0	0
chr12:101534021-101547649	loh	sibling_only	1	113	54	0	0	0		0	0	0
chr12:103314635-103319582	loh	linear_nested	71	0	19	0	0	0		0	0	0
chr12:105679292-105679312	loh	linear_nested	57	0	4	0	0	0		0	0	0
chr12:108908246-108912017	loh	linear_nested	2	72	6	0	0	0		0	0	0
chr12:111342840-111343251	loh	linear_nested	22	4	27	0	0	0		0	0	0
chr12:112966053-112979060	loh	linear_nested	150	0	6	0	0	0		0	0	0
chr12:114070226-114070227	loh	linear_nested	0	53	0	0	0	0		0	0	0
chr12:114947445-114952653	loh	linear_nested	2	68	18	0	0	0		0	0	0
chr12:121602115-121631173	loh	linear_nested	210	6	37	0	0	0		0	0	0
chr12:122169572-122176206	loh	sibling_only	1	89	21	0	0	0		0	0	0
chr12:124139624-124149043	loh	linear_nested	0	94	1	0	0	0		0	0	0
chr12:125130698-125131788	loh	linear_nested	6	45	9	0	0	0		0	0	0
chr12:128297714-128306237	loh	sibling_only	88	0	2	0	0	0		0	0	0
chr12:131937496-131952674	loh	sibling_only	107	0	48	0	0	0		0	0	0
chr12:132053416-132066878	loh	sibling_only	83	3	38	0	0	0		0	0	0
chr13:51433540-51436140	loh	sibling_only	68	0	9	0	0	0		0	0	0
chr13:63848806-63849082	loh	linear_nested	42	0	13	0	0	0		0	0	0
chr13:67311425-67316699	loh	linear_nested	1	67	0	0	0	0		0	0	0
chr13:67745158-67745981	loh	sibling_only	48	0	1	0	0	0		0	0	0
chr13:68108141-68108142	loh	linear_nested	40	0	1	0	0	0		0	0	0
chr13:73340584-73361436	loh	linear_nested	0	109	46	0	0	0		0	0	0
chr13:74300789-74307964	loh	linear_nested	74	0	17	0	0	0		0	0	0
chr13:78987093-79002603	loh	linear_nested	109	0	9	0	0	0		0	0	0
chr13:81327683-81340436	loh	sibling_only	2	34	76	0	0	0		0	0	0
chr13:87760530-87781168	loh	linear_nested	5	105	33	0	0	0		0	0	0
chr13:94384050-94395849	loh	sibling_only	108	4	4	0	0	0		0	0	0
chr13:98077724-98078907	loh	sibling_only	44	0	5	0	0	0		0	0	0
chr13:100245084-100247443	loh	linear_nested	0	55	3	0	0	0		0	0	0
chr13:100850834-100850835	loh	linear_nested	0	44	2	0	0	0		0	0	0
chr13:101018191-101026221	loh	sibling_only	2	64	21	0	0	0		0	0	0
chr13:107366932-107367064	loh	linear_nested	0	50	2	0	0	0		0	0	0
chr13:108648018-108654674	loh	linear_nested	0	79	2	0	0	0		0	0	0
chr13:109653969-109666836	loh	linear_nested	1	87	8	0	0	0		0	0	0
chr13:111114709-111143464	loh	sibling_only	168	1	33	0	0	0		0	0	0
chr13:111595286-111603945	loh	sibling_only	0	83	10	0	0	0		0	0	0
chr14:36123380-36145981	neutral	sibling_only	177	138	5	122	246	243	0.988	2	1	0
chr14:37894592-37898407	loh	linear_nested	77	0	0	0	0	0		0	0	0
chr14:39508403-39521430	loh	linear_nested	130	0	6	0	0	0		0	0	0
chr14:43431875-43461570	loh	linear_nested	223	0	39	0	0	0		0	0	0
chr14:44103196-44133127	loh	linear_nested	2	220	11	0	0	0		0	0	0
chr14:62341286-62355529	loh	sibling_only	1	120	9	0	0	0		0	0	0
chr14:70060890-70070433	loh	linear_nested	115	4	8	0	0	0		0	0	0
chr14:74091028-74091590	loh	linear_nested	70	1	1	0	0	0		0	0	0
chr15:24320577-24322848	loh	linear_nested	0	51	11	0	0	0		0	0	0
chr15:25571447-25575695	loh	linear_nested	70	0	4	0	0	0		0	0	0
chr15:29833501-29835375	loh	linear_nested	0	84	2	0	0	0		0	0	0
chr15:31096121-31115297	loh	linear_nested	1	133	34	0	0	0		0	0	0
chr15:33535882-33548789	loh	linear_nested	131	0	15	0	0	0		0	0	0
chr15:38251066-38269368	loh	linear_nested	92	0	97	0	0	0		0	0	0
chr15:38625183-38625185	loh	linear_nested	67	0	0	0	0	0		0	0	0
chr15:41417029-41441661	loh	sibling_only	0	196	25	0	0	0		0	0	0
chr15:54271591-54287271	loh	linear_nested	3	139	14	0	0	0		0	0	0
chr15:54848081-54860912	loh	sibling_only	2	65	58	0	0	0		0	0	0
chr15:55080872-55106978	loh	linear_nested	3	136	41	0	0	0		0	0	0
chr17:21303695-21320366	loh	linear_nested	125	56	20	382	176	176	1.0	0	1	0
chr17:22196890-22223381	loh	sibling_only	2	199	11	0	0	0		0	0	0
chr17:26991340-26992372	loh	linear_nested	0	56	1	0	0	0		0	0	0
chr17:28463255-28477180	loh	sibling_only	3	102	31	0	0	0		0	0	0
chr17:30884631-30898479	loh	linear_nested	10	3	139	0	0	0		0	0	0
chr17:36122427-36148476	loh	linear_nested	188	1	32	0	0	0		0	0	0
chr17:36815783-36829256	loh	linear_nested	20	14	111	0	0	0		0	0	0
chr17:38783293-38783294	loh	linear_nested	50	0	0	0	0	0		0	0	0
chr17:39591212-39601897	loh	linear_nested	16	66	52	0	0	0		0	0	0
chr17:39952731-39963510	loh	linear_nested	1	105	15	0	0	0		0	0	0
chr17:41581093-41590725	loh	linear_nested	155	0	33	0	0	0		0	0	0
chr17:48131305-48137562	loh	linear_nested	99	1	7	0	0	0		0	0	0
chr17:48745782-48765189	loh	linear_nested	166	12	12	7	31	31	1.0	0	0	0
chr17:51386124-51396466	loh	linear_nested	94	1	4	0	0	0		0	0	0
chr17:51945781-51956052	loh	linear_nested	72	2	65	0	0	0		0	0	0
chr17:52845133-52860228	loh	linear_nested	146	1	10	0	0	0		0	0	0
chr17:54784785-54796117	loh	linear_nested	77	1	40	0	0	0		0	0	0
chr17:59307245-59316490	loh	linear_nested	4	128	12	0	0	0		0	0	0
chr17:61183557-61199342	loh	linear_nested	133	0	10	0	0	0		0	0	0
chr17:64901033-64905426	loh	sibling_only	0	1	98	0	0	0		0	0	0
chr17:66251026-66259135	loh	linear_nested	0	0	121	0	0	0		0	0	0
chr18:1276206-1280562	loh	linear_nested	0	67	8	0	0	0		0	0	0
chr18:2883977-2889756	loh	sibling_only	92	0	5	0	0	0		0	0	0
chr18:4171414-4181350	loh	linear_nested	85	0	29	0	0	0		0	0	0
chr18:4848875-4867702	loh	linear_nested	126	0	24	0	0	0		0	0	0
chr18:6740407-6760358	loh	sibling_only	0	159	8	0	0	0		0	0	0
chr18:9085056-9104285	loh	sibling_only	169	5	10	0	0	0		0	0	0
chr18:9777310-9777311	loh	linear_nested	60	0	0	0	0	0		0	0	0
chr18:10960964-10985457	loh	linear_nested	123	0	85	0	0	0		0	0	0
chr18:11457947-11458068	loh	linear_nested	22	47	14	55	59	58	0.983	10	0	0
chr19:2103787-2118254	loh	linear_nested	97	0	29	0	0	0		0	0	0
chr19:6609894-6610503	loh	linear_nested	7	9	31	0	0	0		0	0	0
chr19:6878285-6879651	loh	sibling_only	59	0	1	0	0	0		0	0	0
chr19:7016651-7017724	loh	linear_nested	67	2	2	0	0	0		0	0	0
chr19:7704549-7723017	loh	sibling_only	6	152	10	0	0	0		0	0	0
chr19:8503382-8537313	loh	linear_nested	6	236	69	0	0	0		0	0	0
chr19:40651384-40659734	loh	linear_nested	115	1	13	0	0	0		0	0	0
chr19:42317248-42342617	loh	linear_nested	143	5	106	0	0	0		0	0	0
chr19:45939646-45960597	loh	linear_nested	0	127	83	0	0	0		0	0	0
chr19:53312823-53313228	loh	sibling_only	2	69	0	0	0	0		0	0	0
chr19:53645974-53661058	loh	linear_nested	0	126	55	0	0	0		0	0	0
chr19:54677727-54698073	loh	sibling_only	6	246	4	0	0	0		0	0	0
chr19:54936893-54942516	loh	linear_nested	5	124	25	0	0	0		0	0	0
chr19:55211650-55226999	loh	sibling_only	179	0	10	0	0	0		0	0	0
chr19:57195772-57213066	loh	linear_nested	2	195	49	0	0	0		0	0	0
chr20:29248473-29268498	neutral	linear_nested	172	106	81	28	170	159	0.935	4	1	0
chr21:13518744-13518745	neutral	linear_nested	19	33	1	0	0	0		0	0	0
chr21:16812712-16812713	neutral	linear_nested	32	22	10	0	0	0		0	0	0
chr21:17117416-17142659	neutral	sibling_only	86	100	17	20	70	69	0.986	0	1	0
chr21:18136259-18137539	neutral	linear_nested	22	36	1	0	0	0		0	0	0
chr21:24250583-24264771	neutral	linear_nested	46	72	27	0	0	0		0	0	0
chr21:29101496-29101497	neutral	linear_nested	25	29	0	2	0	0		0	0	0
chr21:39787805-39790353	neutral	linear_nested	34	30	0	0	0	0		0	0	0
chr21:45086352-45107962	neutral	linear_nested	73	22	86	0	0	0		0	0	0
chr22:11348424-11349897	neutral	linear_nested	115	39	54	51	138	126	0.913	32	1	1
chr22:16919371-16944002	loh	linear_nested	189	3	21	0	0	0		0	0	0
chr22:50383323-50404573	loh	sibling_only	404	5	54	0	0	0		0	0	0
chr21:13601438-13604703	neutral	co_linked_lineage	7	4	29	0	0	0		0	0	0
chr1:102898164-102920743	loh	co_linked_lineage	118	1	74	0	0	0		0	0	0
chr2:197152546-197167619	neutral	co_linked_lineage	61	126	21	0	0	0		0	0	0
chr4:143350201-143358942	loh	co_linked_lineage	31	6	43	0	0	0		0	0	0
chr5:89029490-89034429	loh	co_linked_lineage	5	40	28	0	0	0		0	0	0
chr5:106660357-106663616	loh	co_linked_lineage	69	0	0	0	0	0		0	0	0
chr12:89515285-89521772	loh	co_linked_lineage	1	58	53	0	0	0		0	0	0
chr1:83700750-83707491	loh	co_linked_lineage	0	44	39	0	0	0		0	0	0
chr2:123543334-123544961	loh	co_linked_lineage	4	0	64	0	0	0		0	0	0
chr2:222098818-222126730	neutral	co_linked_lineage	93	186	35	76	208	202	0.971	3	1	0
chr2:224749654-224771004	neutral	co_linked_lineage	70	116	24	0	0	0		0	0	0
chr4:136946698-136953629	loh	co_linked_lineage	0	50	31	0	0	0		0	0	0
chr4:153965341-153967235	loh	co_linked_lineage	32	5	9	67	22	22	1.0	5	0	0
chr4:175019638-175033708	loh	co_linked_lineage	93	1	69	0	0	0		0	0	0
chr5:61089793-61093038	loh	co_linked_lineage	46	6	27	0	0	0		0	0	0
chr5:83602524-83606785	loh	co_linked_lineage	35	14	34	0	0	0		0	0	0
chr5:163676678-163688379	loh	co_linked_lineage	1	164	14	0	0	0		0	0	0
chr8:62491039-62503410	loh	co_linked_lineage	0	142	14	0	0	0		0	0	0
chr10:22007789-22009175	loh	co_linked_lineage	24	3	24	0	0	0		0	0	0
chr10:107319110-107319574	loh	co_linked_lineage	0	45	15	0	0	0		0	0	0
chr10:112890178-112890529	loh	co_linked_lineage	0	48	19	0	0	0		0	0	0
chr11:28562267-28566879	loh	co_linked_lineage	0	0	75	0	0	0		0	0	0
chr11:39151770-39163119	loh	co_linked_lineage	76	0	55	0	0	0		0	0	0
chr11:48278433-48292994	loh	co_linked_lineage	0	157	7	0	0	0		0	0	0
chr11:75009548-75017508	loh	co_linked_lineage	2	22	67	0	0	0		0	0	0
chr12:62946766-62953355	loh	co_linked_lineage	36	6	65	0	0	0		0	0	0
chr12:72852374-72854791	loh	co_linked_lineage	44	0	21	0	0	0		0	0	0
chr12:101701400-101702234	loh	co_linked_lineage	5	55	6	0	0	0		0	0	0
chr12:102291487-102306071	loh	co_linked_lineage	4	65	78	0	0	0		0	0	0
chr12:118285896-118287928	loh	co_linked_lineage	0	39	25	0	0	0		0	0	0
chr13:67241894-67243496	loh	co_linked_lineage	4	29	11	0	0	0		0	0	0
chr21:14464520-14486544	neutral	co_linked_lineage	71	87	23	58	113	112	0.991	4	0	0
chr21:28582933-28585488	neutral	co_linked_lineage	44	49	10	11	43	43	1.0	0	0	0
chr21:30755336-30773771	neutral	co_linked_lineage	44	51	63	51	86	86	1.0	33	0	0
chr21:41925098-41942645	neutral	co_linked_lineage	75	58	19	0	0	0		0	0	0
chr21:42325490-42333073	neutral	co_linked_lineage	43	49	4	39	53	51	0.962	0	0	0
chr1:52630054-52630942	loh	co_linked_lineage	24	0	35	0	0	0		0	0	0
chr1:54073027-54073666	loh	co_linked_lineage	0	64	9	0	0	0		0	0	0
chr1:54553263-54566222	loh	co_linked_lineage	1	133	6	0	0	0		0	0	0
chr1:55820681-55840350	loh	co_linked_lineage	0	154	29	0	0	0		0	0	0
chr1:56843461-56869731	loh	co_linked_lineage	183	2	19	0	0	0		0	0	0
chr1:96449497-96457940	loh	co_linked_lineage	1	90	4	0	0	0		0	0	0
chr1:100326501-100337631	loh	co_linked_lineage	3	82	41	0	0	0		0	0	0
chr1:102018057-102038765	loh	co_linked_lineage	145	0	29	0	0	0		0	0	0
chr1:107930227-107936875	loh	co_linked_lineage	2	80	8	0	0	0		0	0	0
chr1:109448808-109460633	loh	co_linked_lineage	75	0	42	0	0	0		0	0	0
chr1:111037258-111057097	loh	co_linked_lineage	170	9	8	0	0	0		0	0	0
chr1:112956212-112976689	loh	co_linked_lineage	4	146	29	0	0	0		0	0	0
chr1:113571915-113572221	loh	co_linked_lineage	0	23	22	0	0	0		0	0	0
chr1:117324606-117338806	loh	co_linked_lineage	3	118	11	0	0	0		0	0	0
chr2:18761006-18771636	loh	co_linked_lineage	0	85	29	0	0	0		0	0	0
chr2:24607583-24608465	loh	co_linked_lineage	0	39	4	0	0	0		0	0	0
chr2:30070016-30074054	loh	co_linked_lineage	105	1	8	0	0	0		0	0	0
chr2:43618645-43618646	loh	co_linked_lineage	1	63	17	0	0	0		0	0	0
chr2:76057101-76058946	loh	co_linked_lineage	1	29	39	0	0	0		0	0	0
chr2:80913174-80914309	loh	co_linked_lineage	0	61	0	0	0	0		0	0	0
chr2:82368700-82388164	loh	co_linked_lineage	1	107	64	0	0	0		0	0	0
chr2:126912434-126912435	loh	co_linked_lineage	0	50	7	0	0	0		0	0	0
chr2:200350557-200370489	neutral	co_linked_lineage	106	55	91	3	0	0		0	0	0
chr2:201562178-201568247	neutral	co_linked_lineage	27	60	40	6	32	31	0.969	2	0	0
chr2:219860984-219872069	neutral	co_linked_lineage	46	75	54	15	74	73	0.986	5	0	0
chr3:77729662-77730448	loh	co_linked_lineage	1	16	32	0	0	0		0	0	0
chr3:102491175-102493406	loh	co_linked_lineage	60	10	12	0	0	0		0	0	0
chr3:107594133-107594403	loh	co_linked_lineage	0	48	1	0	0	0		0	0	0
chr3:111042426-111043159	loh	co_linked_lineage	1	2	63	0	0	0		0	0	0
chr4:38235313-38260657	neutral	co_linked_lineage	121	96	44	3	7	7	1.0	0	0	0
chr4:40025205-40046790	neutral	co_linked_lineage	170	121	19	7	32	27	0.844	0	0	0
chr4:141475850-141475851	loh	co_linked_lineage	40	1	11	0	0	0		0	0	0
chr4:159268963-159269010	loh	co_linked_lineage	0	42	16	0	0	0		0	0	0
chr4:172313148-172316888	loh	co_linked_lineage	4	66	18	0	0	0		0	0	0
chr4:176120051-176120052	loh	co_linked_lineage	42	0	7	0	0	0		0	0	0
chr4:178701647-178701972	loh	co_linked_lineage	0	54	12	0	0	0		0	0	0
chr4:179928680-179934864	loh	co_linked_lineage	3	84	25	0	0	0		0	0	0
chr4:188763933-188766205	loh	co_linked_lineage	50	0	1	0	0	0		0	0	0
chr5:62122079-62122080	loh	co_linked_lineage	58	0	0	0	0	0		0	0	0
chr5:87144260-87163036	loh	co_linked_lineage	111	1	31	0	0	0		0	0	0
chr5:138046551-138052501	loh	co_linked_lineage	1	49	32	0	0	0		0	0	0
chr5:165416027-165420657	loh	co_linked_lineage	0	128	1	0	0	0		0	0	0
chr5:165550416-165557844	loh	co_linked_lineage	0	137	4	0	0	0		0	0	0
chr5:174775207-174794062	loh	co_linked_lineage	211	0	4	0	0	0		0	0	0
chr5:179733119-179743610	loh	co_linked_lineage	170	1	12	0	0	0		0	0	0
chr6:64405300-64427201	neutral	co_linked_lineage	82	46	56	75	103	100	0.971	20	0	0
chr6:65244019-65244020	neutral	co_linked_lineage	22	26	0	14	28	28	1.0	0	1	0
chr7:24976612-24976619	loh	co_linked_lineage	3	25	3	0	0	0		0	0	0
chr8:1812786-1812787	loh	co_linked_lineage	48	0	0	0	0	0		0	0	0
chr8:3389186-3392732	loh	co_linked_lineage	91	2	1	0	0	0		0	0	0
chr8:23372250-23372279	loh	co_linked_lineage	0	28	24	0	0	0		0	0	0
chr8:43451438-43470676	loh	co_linked_lineage	103	1	56	0	0	0		0	0	0
chr8:59030478-59050445	loh	co_linked_lineage	164	3	53	0	0	0		0	0	0
chr8:91447465-91452378	loh	co_linked_lineage	35	0	92	0	0	0		0	0	0
chr8:92820524-92833206	loh	co_linked_lineage	97	2	90	0	0	0		0	0	0
chr8:92971552-92981293	loh	co_linked_lineage	1	144	29	0	0	0		0	0	0
chr8:97550351-97576798	loh	co_linked_lineage	3	204	96	0	0	0		0	0	0
chr9:34753471-34768696	loh	co_linked_lineage	77	0	51	0	0	0		0	0	0
chr9:115910328-115915473	loh	co_linked_lineage	2	85	10	0	0	0		0	0	0
chr9:121209334-121211746	loh	co_linked_lineage	67	4	14	0	0	0		0	0	0
chr10:15002683-15024405	loh	co_linked_lineage	97	0	91	0	0	0		0	0	0
chr10:18544912-18551990	loh	co_linked_lineage	0	24	99	0	0	0		0	0	0
chr10:23463517-23469029	loh	co_linked_lineage	106	0	0	0	0	0		0	0	0
chr10:61805797-61807738	loh	co_linked_lineage	21	2	43	0	0	0		0	0	0
chr10:67819658-67819660	loh	co_linked_lineage	0	49	1	0	0	0		0	0	0
chr10:82649960-82650195	loh	co_linked_lineage	22	0	23	0	0	0		0	0	0
chr10:93844165-93844203	loh	co_linked_lineage	0	43	1	0	0	0		0	0	0
chr11:11932897-11933561	loh	co_linked_lineage	4	52	1	0	0	0		0	0	0
chr11:15525167-15545245	loh	co_linked_lineage	0	141	9	0	0	0		0	0	0
chr11:25005752-25022694	loh	co_linked_lineage	2	185	11	0	0	0		0	0	0
chr11:47286025-47306563	loh	co_linked_lineage	0	166	8	0	0	0		0	0	0
chr11:95842920-95866947	loh	co_linked_lineage	0	208	21	0	0	0		0	0	0
chr12:48057998-48060186	loh	co_linked_lineage	5	57	1	0	0	0		0	0	0
chr12:50941804-50941806	loh	co_linked_lineage	19	0	42	0	0	0		0	0	0
chr12:86771587-86771589	loh	co_linked_lineage	67	6	1	0	0	0		0	0	0
chr12:103444842-103446763	loh	co_linked_lineage	35	0	39	0	0	0		0	0	0
chr13:18249462-18251629	neutral	co_linked_lineage	38	50	11	85	86	85	0.988	5	1	0
chr13:65131377-65144623	loh	co_linked_lineage	98	0	12	0	0	0		0	0	0
chr13:89846691-89849475	loh	co_linked_lineage	4	38	19	0	0	0		0	0	0
chr13:105441839-105441840	loh	co_linked_lineage	47	0	0	0	0	0		0	0	0
chr13:106308822-106311069	loh	co_linked_lineage	38	4	11	0	0	0		0	0	0
chr14:38451023-38467317	loh	co_linked_lineage	88	0	68	0	0	0		0	0	0
chr15:36812008-36812012	loh	co_linked_lineage	0	41	16	0	0	0		0	0	0
chr17:19280836-19282115	loh	co_linked_lineage	7	18	50	0	0	0		0	0	0
chr17:46014622-46014691	loh	co_linked_lineage	5	41	6	0	0	0		0	0	0
chr17:48434251-48448197	loh	co_linked_lineage	144	3	13	0	0	0		0	0	0
chr17:48640982-48641591	loh	co_linked_lineage	49	8	0	0	0	0		0	0	0
chr17:48865888-48869284	loh	co_linked_lineage	62	7	11	0	0	0		0	0	0
chr17:59480006-59483655	loh	co_linked_lineage	0	0	75	0	0	0		0	0	0
chr19:41163176-41163234	loh	co_linked_lineage	26	0	22	0	0	0		0	0	0
chr19:57130037-57141706	loh	co_linked_lineage	3	118	52	0	0	0		0	0	0
chr21:14729539-14744646	neutral	co_linked_lineage	63	56	20	32	93	92	0.989	0	0	0
chr21:15662986-15684314	neutral	co_linked_lineage	98	92	25	9	46	45	0.978	0	0	0
chr21:17778136-17785656	neutral	co_linked_lineage	37	41	30	0	0	0		0	0	0
chr21:20048479-20070899	neutral	co_linked_lineage	71	55	86	2	0	0		0	0	0
chr21:20136782-20163949	neutral	co_linked_lineage	73	85	107	7	19	17	0.895	0	0	0
chr21:30520863-30520864	neutral	co_linked_lineage	11	26	30	0	0	0		0	0	0
chr21:35625775-35625776	neutral	co_linked_lineage	20	23	0	0	0	0		0	0	0
