chrom	pos_a	pos_b	dist	RR	RA	AR	AA	rel	config	hp_a	hp_b	same_hp	coread	vaf_a	vaf_b	cn_a	src_a	src_b
chr1	109611009	109621023	10014	19	2	1	6	independent	independent	3	1-1	False	28	0.359	0.343	loh	TP	TP
chr1	116003275	116022575	19300	8	1	2	4	independent	independent	3	1-1	False	15	0.38	0.368	loh	TP	TP
chr6	67934331	67958212	23881	0	2	4	1	mutual_excl	independent	1-1	2-1	False	7	0.603	0.392	neutral	TP	TP
chr6	68104391	68120394	16003	0	2	10	1	mutual_excl	independent	1-1	2-1	False	13	0.681	0.424	neutral	TP	TP
chr6	90045256	90046734	1478	103	1	1	7	independent	independent	1-1	3	False	112	0.074	0.072	loh	FP	FP
chr11	106125779	106147224	21445	0	4	1	5	independent	independent	3	1-1	False	10	0.583	0.983	loh	TP	TP
chr11	115470541	115471174	633	0	2	50	1	mutual_excl	independent	2-1	1-1	False	53	0.967	0.05	loh	TP	FP
chr21	8774808	8774826	18	131	17	27	1	mutual_excl	independent	1-1	2-1	False	176	0.16	0.102	neutral	TP	FP
chr21	17416402	17432262	15860	9	1	11	1	mutual_excl	independent	2-1	1-1	False	22	0.545	0.185	neutral	TP	FP
chr21	22306219	22315240	9021	0	12	9	1	mutual_excl	independent	1-1	2-1	False	22	0.6	0.562	neutral	TP	TP
chr21	27813218	27846318	33100	0	3	3	1	mutual_excl	independent	2-1	1-1	False	7	0.493	0.446	neutral	TP	TP
chr21	29753854	29755571	1717	4	26	13	1	mutual_excl	independent	2-1	1-1	False	44	0.375	0.586	neutral	TP	TP
chr21	32125493	32145646	20153	1	6	5	1	mutual_excl	independent	1-1	2-1	False	13	0.569	0.5	neutral	TP	TP
chr21	33365557	33371768	6211	1	14	10	1	mutual_excl	independent	1-1	2-1	False	26	0.525	0.51	neutral	TP	TP
chr21	38979149	38987881	8732	2	9	12	1	mutual_excl	independent	2-1	1-1	False	24	0.481	0.5	neutral	TP	TP
chr21	38987881	38990794	2913	2	14	18	1	mutual_excl	independent	1-1	2-1	False	35	0.5	0.431	neutral	TP	TP
chr21	40997088	41001455	4367	1	17	20	2	independent	independent	1-1	2-1	False	40	0.508	0.475	neutral	TP	TP
chr2	82746015	82762226	16211	2	7	1	6	independent	independent	3	1-1	False	16	0.4	0.81	loh	TP	TP
chr2	199690690	199705268	14578	1	14	8	1	mutual_excl	independent	2-1	1-1	False	24	0.423	0.718	neutral	TP	TP
chr2	199690952	199705268	14316	1	16	8	1	mutual_excl	independent	2-1	1-1	False	26	0.43	0.718	neutral	TP	TP
chr2	204644837	204648404	3567	3	27	30	1	mutual_excl	independent	2-1	1-1	False	61	0.476	0.404	neutral	TP	TP
chr2	204717885	204723141	5256	3	13	26	1	mutual_excl	independent	2-1	1-1	False	43	0.606	0.342	neutral	TP	TP
chr2	205843946	205855255	11309	4	22	9	1	mutual_excl	independent	2-1	1-1	False	36	0.224	0.699	neutral	TP	TP
chr2	210966214	210994618	28404	4	5	1	1	mutual_excl	independent	1-1	2-1	False	11	0.124	0.433	neutral	FP	TP
chr2	215708125	215728627	20502	0	7	4	1	mutual_excl	independent	2-1	1-1	False	12	0.308	0.573	neutral	TP	TP
chr2	217718295	217726294	7999	9	1	1	24	independent	independent	3	2-1	False	35	0.576	0.622	neutral	TP	TP
chr2	218032004	218052745	20741	6	1	5	2	independent	independent	1-1	2-1	False	14	0.256	0.169	neutral	TP	FP
chr12	83387746	83404371	16625	1	7	1	7	independent	independent	2-1	3	False	16	0.396	0.931	loh	TP	TP
chr17	47866635	47877358	10723	27	1	1	5	independent	independent	3	2-1	False	34	0.099	0.155	loh	FP	FP
chr17	49469630	49482709	13079	15	1	1	5	independent	independent	1-1	2-1	False	22	0.197	0.171	loh	FP	FP
chr17	49476788	49482709	5921	36	1	1	8	independent	independent	3	2-1	False	46	0.141	0.171	loh	FP	FP
chr17	49478831	49478857	26	79	1	2	10	independent	independent	2-1	3	False	92	0.129	0.129	loh	FP	FP
chr17	49478831	49499678	20847	9	8	2	1	mutual_excl	independent	2-1	1-1	False	20	0.129	0.355	loh	FP	TP
chr17	49478831	49499679	20848	9	8	2	1	mutual_excl	independent	2-1	1-1	False	20	0.129	0.355	loh	FP	TP
chr17	49478857	49483303	4446	47	1	1	9	independent	independent	3	2-1	False	58	0.129	0.16	loh	FP	FP
chr17	49478857	49483610	4753	48	1	1	9	independent	independent	3	2-1	False	59	0.129	0.156	loh	FP	FP
chr17	49482709	49499678	16969	15	9	1	1	mutual_excl	independent	2-1	1-1	False	26	0.171	0.355	loh	FP	TP
chr17	49482709	49499679	16970	15	9	1	1	mutual_excl	independent	2-1	1-1	False	26	0.171	0.355	loh	FP	TP
chr8	86406723	86408311	1588	32	6	25	2	independent	independent	2-1	3	False	65	0.397	0.135	loh	TP	FP
chr8	86406723	86413780	7057	19	8	15	1	mutual_excl	independent	2-1	3	False	43	0.397	0.195	loh	TP	FP
chr8	86459232	86471333	12101	14	1	12	1	mutual_excl	independent	2-1	1-1	False	28	0.314	0.134	loh	TP	FP
chr8	87555831	87571284	15453	13	4	3	1	mutual_excl	independent	1-1	2-1	False	21	0.275	0.217	loh	TP	FP
chr8	87571284	87577088	5804	22	18	12	1	mutual_excl	independent	2-1	1-1	False	53	0.217	0.317	loh	FP	TP
chr8	89619503	89637367	17864	12	2	7	1	mutual_excl	independent	2-1	3	False	22	0.424	0.259	loh	TP	FP
chr8	89630085	89637367	7282	24	10	15	2	independent	independent	2-1	3	False	51	0.307	0.259	loh	TP	FP
chr8	90456845	90469193	12348	9	17	2	1	mutual_excl	independent	3	2-1	False	29	0.104	0.604	loh	FP	TP
chr8	92883669	92890835	7166	0	37	2	1	mutual_excl	independent	1-1	2-1	False	40	0.06	0.952	loh	FP	TP
chr8	93099905	93104808	4903	38	19	3	1	mutual_excl	independent	3	2-1	False	61	0.087	0.299	loh	FP	TP
chr8	93972577	93981592	9015	29	1	1	14	independent	independent	3	1-1	False	45	0.212	0.229	loh	FP	FP
chr8	93973553	93981592	8039	30	1	1	14	independent	independent	3	1-1	False	46	0.204	0.229	loh	FP	FP
chr8	93973553	93982845	9292	29	1	1	12	independent	independent	3	1-1	False	43	0.204	0.21	loh	FP	FP
chr8	93981592	93986028	4436	52	1	1	13	independent	independent	1-1	2-1	False	67	0.229	0.2	loh	FP	FP
chr8	93983983	93986028	2045	70	7	1	10	independent	independent	3	2-1	False	88	0.108	0.2	loh	FP	FP
chr8	93985881	93986028	147	84	1	1	19	independent	independent	1-1	2-1	False	105	0.189	0.2	loh	FP	FP
chr8	93986028	93986073	45	85	2	1	21	independent	independent	2-1	1-1	False	109	0.2	0.211	loh	FP	FP
chr8	94168250	94170573	2323	37	3	14	1	mutual_excl	independent	1-1	2-1	False	55	0.307	0.096	loh	TP	FP
chr8	94168250	94171262	3012	34	2	12	1	mutual_excl	independent	1-1	2-1	False	49	0.307	0.1	loh	TP	FP
chr8	94919260	94930450	11190	14	11	4	1	mutual_excl	independent	2-1	1-1	False	30	0.141	0.286	loh	FP	TP
chr13	61786815	61797413	10598	8	13	5	3	independent	independent	2-1	1-1	False	29	0.241	0.533	loh	FP	TP
chr13	73650566	73664292	13726	0	1	1	14	independent	independent	2-1	3	False	16	0.978	0.942	loh	TP	TP
chr13	78280166	78280354	188	13	26	1	1	mutual_excl	independent	2-1	1-1	False	41	0.048	0.659	loh	FP	TP
chr13	85471178	85481811	10633	0	1	10	5	independent	independent	3	1-1	False	16	0.979	0.412	loh	TP	TP
chr13	107549742	107569077	19335	1	12	1	1	mutual_excl	independent	1-1	3	False	15	0.085	0.887	loh	FP	TP
chr4	41082069	41086521	4452	2	37	15	1	mutual_excl	independent	2-1	1-1	False	55	0.312	0.707	neutral	TP	TP
chr4	158161076	158171608	10532	2	1	1	22	independent	independent	3	1-1	False	26	0.945	0.898	loh	TP	TP
chr4	189647195	189652908	5713	17	15	3	1	mutual_excl	independent	3	1-1	False	36	0.138	0.431	loh	FP	TP
chr5	65979521	65987396	7875	15	4	12	1	mutual_excl	independent	2-1	3	False	32	0.417	0.122	loh	TP	FP
chr5	113572805	113589406	16601	6	5	5	1	mutual_excl	independent	2-1	3	False	17	0.509	0.209	loh	TP	FP
chr10	72362870	72375880	13010	0	1	12	11	independent	independent	3	1-1	False	24	0.952	0.431	loh	TP	TP
chr15	27306194	27306278	84	41	1	2	13	independent	independent	2-1	1-1	False	57	0.254	0.241	loh	FP	FP
chr15	27306194	27306354	160	41	1	1	14	independent	independent	2-1	1-1	False	57	0.254	0.259	loh	FP	FP
chr15	27306196	27306214	18	44	2	1	13	independent	independent	1-1	2-1	False	60	0.233	0.25	loh	FP	FP
chr15	27306196	27306234	38	44	2	1	13	independent	independent	1-1	2-1	False	60	0.233	0.25	loh	FP	FP
chr15	27306196	27306311	115	42	1	4	9	independent	independent	1-1	2-1	False	56	0.233	0.179	loh	FP	FP
chr15	27306196	27306522	326	42	2	1	13	independent	independent	1-1	2-1	False	58	0.233	0.254	loh	FP	FP
chr15	27306214	27306354	140	42	1	1	14	independent	independent	2-1	1-1	False	58	0.25	0.259	loh	FP	FP
chr15	27306234	27306278	44	42	1	2	13	independent	independent	2-1	1-1	False	58	0.25	0.241	loh	FP	FP
chr15	27306234	27306354	120	41	2	2	13	independent	independent	2-1	1-1	False	58	0.25	0.259	loh	FP	FP
chr15	27306278	27306311	33	42	1	3	9	independent	independent	1-1	2-1	False	55	0.241	0.179	loh	FP	FP
chr15	27306278	27306522	244	41	2	1	13	independent	independent	1-1	2-1	False	57	0.241	0.254	loh	FP	FP
chr15	27306311	27306354	43	42	4	1	9	independent	independent	2-1	1-1	False	56	0.179	0.259	loh	FP	FP
chr15	27306354	27306522	168	41	2	2	13	independent	independent	1-1	2-1	False	58	0.259	0.254	loh	FP	FP
