side	af_b	cn_t	n	TP_rate	HP_Ratio_AUC	Methyl_LR_AUC	HP+Methyl_LR_AUC	uplift_vs_HP
Inner	NearHalf	Sub	13499	0.902	0.781	0.606	0.794	0.013
Inner	NearHalf	Loss	1681	0.919	0.753	0.659	0.79	0.037
Inner	NearHalf	Diploid	12536	0.843	0.702	0.583	0.716	0.014
Inner	Inter_lo	Sub	8538	0.854	0.739	0.584	0.744	0.005
Inner	Inter_lo	Diploid	11195	0.841	0.686	0.596	0.7	0.014
Inner	Inter_lo	Gain	10381	0.883	0.634	0.585	0.654	0.02
Inner	Inter_hi	Diploid	5108	0.636	0.64	0.572	0.66	0.02
Inner	Inter_hi	Gain	4049	0.688	0.595	0.603	0.654	0.059
Inner	Inter_hi	High	2003	0.58	0.57	0.589	0.618	0.048
