sample	LOH_bin	NG_bin	AF_bin	n_TP	n_FP	n_total	TP_rate
HCC1395	inner	NG2	AF_H	4153	0	4153	1.0000
HCC1395	inner	NG2	AF_L	626	48	674	0.9288
HCC1395	inner	NG2	AF_M	1533	6	1539	0.9961
HCC1395	inner	NG3	AF_H	2778	0	2778	1.0000
HCC1395	inner	NG3	AF_L	981	130	1111	0.8830
HCC1395	inner	NG3	AF_M	2180	2	2182	0.9991
HCC1395	inner	NGge4	AF_H	655	0	655	1.0000
HCC1395	inner	NGge4	AF_L	410	34	444	0.9234
HCC1395	inner	NGge4	AF_M	700	4	704	0.9943
HCC1395	outer	NG2	AF_H	811	86	897	0.9041
HCC1395	outer	NG2	AF_L	657	2377	3034	0.2165
HCC1395	outer	NG2	AF_M	904	151	1055	0.8569
HCC1395	outer	NG3	AF_H	1555	28	1583	0.9823
HCC1395	outer	NG3	AF_L	1744	1407	3151	0.5535
HCC1395	outer	NG3	AF_M	2663	90	2753	0.9673
HCC1395	outer	NGge4	AF_H	1688	16	1704	0.9906
HCC1395	outer	NGge4	AF_L	2960	436	3396	0.8716
HCC1395	outer	NGge4	AF_M	3492	27	3519	0.9923
HCC1937	inner	NG2	AF_H	2504	151	2655	0.9431
HCC1937	inner	NG2	AF_L	1756	0	1756	1.0000
HCC1937	inner	NG2	AF_M	2432	0	2432	1.0000
HCC1937	inner	NG3	AF_H	34	7	41	0.8293
HCC1937	inner	NG3	AF_L	33	0	33	1.0000
HCC1937	inner	NG3	AF_M	62	0	62	1.0000
HCC1937	inner	NGge4	AF_H	9	5	14	0.6429
HCC1937	inner	NGge4	AF_L	29	0	29	1.0000
HCC1937	inner	NGge4	AF_M	25	0	25	1.0000
HCC1937	outer	NG2	AF_H	741	1927	2668	0.2777
HCC1937	outer	NG2	AF_L	3106	356	3462	0.8972
HCC1937	outer	NG2	AF_M	2659	103	2762	0.9627
HCC1937	outer	NG3	AF_H	27	85	112	0.2411
HCC1937	outer	NG3	AF_L	127	7	134	0.9478
HCC1937	outer	NG3	AF_M	162	18	180	0.9000
HCC1937	outer	NGge4	AF_H	14	26	40	0.3500
HCC1937	outer	NGge4	AF_L	119	10	129	0.9225
HCC1937	outer	NGge4	AF_M	71	2	73	0.9726
HCC1954	inner	NG2	AF_H	852	10	862	0.9884
HCC1954	inner	NG2	AF_L	384	0	384	1.0000
HCC1954	inner	NG2	AF_M	516	0	516	1.0000
HCC1954	inner	NG3	AF_H	85	0	85	1.0000
HCC1954	inner	NG3	AF_L	16	0	16	1.0000
HCC1954	inner	NG3	AF_M	21	0	21	1.0000
HCC1954	inner	NGge4	AF_H	38	0	38	1.0000
HCC1954	inner	NGge4	AF_L	14	0	14	1.0000
HCC1954	inner	NGge4	AF_M	13	0	13	1.0000
HCC1954	outer	NG2	AF_H	4969	311	5280	0.9411
HCC1954	outer	NG2	AF_L	5554	194	5748	0.9662
HCC1954	outer	NG2	AF_M	5574	94	5668	0.9834
HCC1954	outer	NG3	AF_H	298	17	315	0.9460
HCC1954	outer	NG3	AF_L	297	36	333	0.8919
HCC1954	outer	NG3	AF_M	320	8	328	0.9756
HCC1954	outer	NGge4	AF_H	126	4	130	0.9692
HCC1954	outer	NGge4	AF_L	210	8	218	0.9633
HCC1954	outer	NGge4	AF_M	162	5	167	0.9701
H1437	inner	NG2	AF_H	10008	0	10008	1.0000
H1437	inner	NG2	AF_L	1290	1	1291	0.9992
H1437	inner	NG2	AF_M	1498	2	1500	0.9987
H1437	inner	NG3	AF_H	456	0	456	1.0000
H1437	inner	NG3	AF_L	226	0	226	1.0000
H1437	inner	NG3	AF_M	206	0	206	1.0000
H1437	inner	NGge4	AF_H	146	0	146	1.0000
H1437	inner	NGge4	AF_L	151	0	151	1.0000
H1437	inner	NGge4	AF_M	118	0	118	1.0000
H1437	outer	NG2	AF_H	8110	192	8302	0.9769
H1437	outer	NG2	AF_L	13161	371	13532	0.9726
H1437	outer	NG2	AF_M	13677	32	13709	0.9977
H1437	outer	NG3	AF_H	3401	2	3403	0.9994
H1437	outer	NG3	AF_L	5540	61	5601	0.9891
H1437	outer	NG3	AF_M	5884	7	5891	0.9988
H1437	outer	NGge4	AF_H	1325	0	1325	1.0000
H1437	outer	NGge4	AF_L	2834	96	2930	0.9672
H1437	outer	NGge4	AF_M	2160	9	2169	0.9959
H2009	inner	NG2	AF_H	16890	36	16926	0.9979
H2009	inner	NG2	AF_L	2167	0	2167	1.0000
H2009	inner	NG2	AF_M	4826	2	4828	0.9996
H2009	inner	NG3	AF_H	7121	15	7136	0.9979
H2009	inner	NG3	AF_L	746	3	749	0.9960
H2009	inner	NG3	AF_M	1502	0	1502	1.0000
H2009	inner	NGge4	AF_H	2074	8	2082	0.9962
H2009	inner	NGge4	AF_L	1041	2	1043	0.9981
H2009	inner	NGge4	AF_M	1624	0	1624	1.0000
H2009	outer	NG2	AF_H	3832	456	4288	0.8937
H2009	outer	NG2	AF_L	8816	208	9024	0.9770
H2009	outer	NG2	AF_M	13470	40	13510	0.9970
H2009	outer	NG3	AF_H	6200	166	6366	0.9739
H2009	outer	NG3	AF_L	11066	150	11216	0.9866
H2009	outer	NG3	AF_M	12033	33	12066	0.9973
H2009	outer	NGge4	AF_H	8701	64	8765	0.9927
H2009	outer	NGge4	AF_L	21521	138	21659	0.9936
H2009	outer	NGge4	AF_M	11729	21	11750	0.9982
